"year","grid_pt","last_snow_adj","snowmelt_adj","snowmelt_est","Estimate","Est.Error","Q2.5","Q97.5"
"1993","1",200,NA,200,189.493107344188,0.422184249903824,165.587640455373,213.500071731659
"1993","2",200,NA,200,188.426055338539,0.420565456920727,164.515008017221,212.411443596574
"1993","3",200,NA,200,186.554956878967,0.420011845776293,162.587821854362,210.286667925665
"1993","4",182,200,182.659129766138,182.659129766138,0.420407273130557,158.970979803524,206.399204241855
"1993","5",182,200,184.274893595676,184.274893595676,0.422206253739447,160.071990040848,208.251345092922
"1993","6",182,200,182.965337022629,182.965337022629,0.418605892492492,159.146079276484,206.88523209067
"1993","7",149,173,164.552134947413,164.552134947413,0.422954726580303,140.517851074348,188.404700247216
"1993","8",127,149,138,162.471480656471,0.421401267277996,138.581077307009,186.304051166598
"1993","9",127,149,138,160.699168563233,0.421297408426255,136.816004863213,184.598756827771
"1993","10",111,127,119,135.291333962228,0.421240984752312,111.192702580336,159.183230823992
"1993","11",200,NA,200,192.461689800486,0.422942579218459,168.346893521343,216.457243577336
"1993","12",200,NA,200,189.155925473841,0.419655074468342,165.318144127849,212.937933409195
"1993","13",200,NA,200,199.011834597897,0.419950052563709,175.348746269204,223.123830376413
"1993","14",182,200,188.564658991697,188.564658991697,0.421675525878119,164.724306483483,212.513719331759
"1993","15",182,200,184.371044830719,184.371044830719,0.420113772697341,160.501962431301,208.260073945348
"1993","16",173,182,176.144983028525,176.144983028525,0.419129354070502,152.259502454024,200.145994243448
"1993","17",149,173,166.860101639117,166.860101639117,0.417912092789347,143.036582551569,190.678709887646
"1993","18",127,149,138,150.76350780946,0.419564106615135,126.890303572879,174.53847118551
"1993","19",127,149,147.475106972589,147.475106972589,0.41818100166038,123.97650711617,171.459535782597
"1993","20",111,127,119,137.545939705819,0.423880169773932,113.599624620469,161.531750864563
"1993","21",200,NA,200,192.94197379385,0.420832199076278,168.966786780981,216.884166079198
"1993","22",200,NA,200,191.371958428309,0.419197994720448,167.587274213172,215.299853705126
"1993","23",200,NA,200,198.592958153541,0.42154260711551,174.556990923789,222.525705290028
"1993","24",200,NA,200,197.914356518463,0.420389218650767,173.957657239841,221.658927115333
"1993","25",182,200,182.280345726206,182.280345726206,0.421592029586477,158.535030585493,206.534117866174
"1993","26",149,173,167.155857195009,167.155857195009,0.421403470559028,143.182643907198,191.01375101404
"1993","27",149,173,171.697189999394,171.697189999394,0.420287113065252,147.831631195954,195.304347771441
"1993","28",127,149,138,174.920961072537,0.423411536120514,150.737709277682,198.805970710273
"1993","29",111,127,119,146.522740247821,0.424168592736235,122.289720654529,170.552768698399
"1993","30",127,149,141.234020474632,141.234020474632,0.422582186571438,117.094997776783,165.123700782789
"1993","31",200,NA,200,189.326163202884,0.42031995485808,165.401688305516,213.249763878285
"1993","32",200,NA,200,191.073262666148,0.420574117201494,167.247733399629,214.97175302546
"1993","33",200,NA,200,196.167124354127,0.420928935436218,172.433439330677,220.188558877236
"1993","34",200,NA,200,197.879100780181,0.424366609680993,173.930078170553,221.94794487432
"1993","35",200,NA,200,196.012498437457,0.420341131515045,172.179683278901,220.003074007778
"1993","36",149,173,171.187570900972,171.187570900972,0.421446618578095,147.272671982256,195.252961438901
"1993","37",149,173,171.797844646505,171.797844646505,0.421179074053788,147.818271750589,195.899619274972
"1993","38",127,149,138,177.260898294857,0.420449948212862,153.468918246996,201.340728789365
"1993","39",127,149,138,152.358211733151,0.4200809740309,128.277693031811,176.196324804769
"1993","40",111,127,119,140.233705581305,0.422127113651793,116.251449621811,164.404484974002
"1993","41",200,NA,200,189.289645857656,0.423852175938907,165.250351988704,213.471074194572
"1993","42",200,NA,200,192.580190546882,0.421766894684022,168.714117181355,216.658135564487
"1993","43",200,NA,200,199.916756755971,0.423520960779284,176.0551400533,224.225987422135
"1993","44",200,NA,201.836214349415,201.836214349415,0.423394146166338,177.859065481493,226.031305907831
"1993","45",200,NA,205.590246008517,205.590246008517,0.420331374710999,181.739047152926,229.453312476135
"1993","46",182,200,195.017554910678,195.017554910678,0.418993437325885,170.9586235736,218.610180908287
"1993","47",149,173,171.828066403575,171.828066403575,0.418475069524404,148.055686688973,195.611847544608
"1993","48",127,149,138,156.383102423136,0.421886729105108,132.314398845412,180.224098617651
"1993","49",127,149,138,160.504808954523,0.419718997689314,136.780304292887,184.253668904182
"1993","50",127,149,145.310871351282,145.310871351282,0.420758058829056,121.362676927986,169.132045832192
"1993","51",182,200,183.480568946539,183.480568946539,0.419975143545725,159.676910131371,207.540358354059
"1993","52",182,200,191,177.619304340005,0.420914862359489,153.625163538768,201.484101032433
"1993","53",200,NA,200,199.999049812242,0.420461158539873,176.167357782755,224.081537082657
"1993","54",200,NA,203.827201878931,203.827201878931,0.422520278662509,179.887934136529,227.842952196821
"1993","55",200,NA,214.459477422216,214.459477422216,0.423681206136132,190.508566499723,238.556393388984
"1993","56",200,NA,213.707585651075,213.707585651075,0.422694460687027,189.70493825728,237.833488217384
"1993","57",149,173,167.85869847337,167.85869847337,0.421026022056916,144.136872751073,191.762605685938
"1993","58",149,173,164.87024188678,164.87024188678,0.420841883517486,140.696397240322,188.876688121363
"1993","59",127,149,138,153.977602159212,0.423736725940498,129.893896449814,178.153127825466
"1993","60",127,149,138,155.890735586394,0.41939406885771,132.191588279294,179.894045020092
"1993","61",173,182,177.5,169.189352826811,0.41897225985288,145.449221895748,193.102933808674
"1993","62",200,NA,200,192.876160796743,0.420472128898952,168.983897374709,216.788072556032
"1993","63",200,NA,201.97240309306,201.97240309306,0.422966984356878,177.818717349515,225.87872488582
"1993","64",182,200,186.290305823618,186.290305823618,0.419656480942195,162.647743517613,210.053573158994
"1993","65",200,NA,215.36114779456,215.36114779456,0.422980248853067,191.378887320265,239.588300787887
"1993","66",200,NA,214.53590414218,214.53590414218,0.419923422218878,190.665188970721,238.481271248765
"1993","67",149,173,166.550381784609,166.550381784609,0.420786767544603,142.48908502135,190.399310400823
"1993","68",149,173,163.170279247934,163.170279247934,0.421568660658922,139.091553758999,187.147169863546
"1993","69",127,149,138,152.665016051858,0.422584128605391,128.786919859248,176.778671812889
"1993","70",127,149,138,150.471609596938,0.418982854298692,126.558168230602,174.101562666306
"1993","71",149,173,169.912247062533,169.912247062533,0.422291625285717,146.04989047415,193.822506569045
"1993","72",182,200,184.918449273812,184.918449273812,0.420616941415477,160.880627937542,209.008871882559
"1993","73",200,NA,200,196.489910582694,0.422130583519398,172.483850645356,220.487684827102
"1993","74",200,NA,206.232353324606,206.232353324606,0.422487740745763,182.128532040815,230.153900209833
"1993","75",200,NA,201.907062394235,201.907062394235,0.423811830979344,177.752837538694,226.026373334692
"1993","76",200,NA,204.125484868004,204.125484868004,0.422990447208111,179.966253841212,228.091491558079
"1993","77",182,200,191,177.650762494248,0.420284468487022,153.519498270676,201.01720738485
"1993","78",127,149,138,154.796305299569,0.421782431202638,130.875756074049,178.967523006682
"1993","79",149,173,161.737675207809,161.737675207809,0.416940891364726,138.04404539873,185.478258277559
"1993","80",149,173,161.273291642782,161.273291642782,0.420817520456599,137.279438230823,185.100691036857
"1993","101",111,127,119,133.100506674386,0.422182820192001,109.032398281351,157.170461301232
"1993","201",111,127,119,131.848168346092,0.422315122593116,107.867532630727,155.879675519168
"1993","301",127,149,137.766748002057,137.766748002057,0.419291715182743,113.852209746522,161.529145072746
"1993","401",111,127,119,140.535136276357,0.421265812776163,116.644361602623,164.445184394093
"1993","501",127,149,141.842301717151,141.842301717151,0.42064348265309,117.983004995352,165.751691078436
"1993","601",127,149,140.582406271493,140.582406271493,0.422792639378364,116.680778967156,164.565964555381
"1993","701",127,149,141.28460576781,141.28460576781,0.423344498476796,117.297884117521,165.532179880449
"1993","801",127,149,138,156.378239850003,0.421620695973455,132.051905909841,180.125197671069
"1994","1",153,NA,156.985872838677,156.985872838677,0.422839501695842,133.19844993289,181.12100992669
"1994","2",153,NA,155.898493419968,155.898493419968,0.419524697094774,132.029894441626,179.910634040967
"1994","3",153,NA,153.953959107029,153.953959107029,0.423102801424181,129.957104549542,178.191840023006
"1994","4",153,NA,153,150.226018483428,0.421066723523868,126.365608105178,173.973034642811
"1994","5",153,NA,153,151.721264510896,0.42104188343871,127.899663604028,175.536900713166
"1994","6",134,153,150.440893830845,150.440893830845,0.420023975579101,126.415184898183,174.345040253324
"1994","7",108,134,132.055502634686,132.055502634686,0.422618599354352,107.930551733572,156.088013513384
"1994","8",108,134,130.016222822576,130.016222822576,0.421425306678265,106.245137223293,153.985881018246
"1994","9",108,134,128.166288822239,128.166288822239,0.422663868399761,104.215656199201,152.390024650956
"1994","10",99,108,102.650482837834,102.650482837834,0.422558561917856,78.624801168894,126.711912482595
"1994","11",153,NA,159.819791989748,159.819791989748,0.421858674453158,135.774910915191,183.889239070449
"1994","12",153,NA,156.577069388189,156.577069388189,0.420182319985858,132.564716462893,180.689569443128
"1994","13",153,NA,166.453458410678,166.453458410678,0.422765781388803,142.157586362077,190.384135264991
"1994","14",153,NA,156.167413713262,156.167413713262,0.421196220068014,132.228616596584,179.975231789096
"1994","15",153,NA,153,151.819448054072,0.420949962731701,128.001604589921,175.776205961299
"1994","16",134,153,143.777188265796,143.777188265796,0.421712251743533,119.489869686741,167.602980508648
"1994","17",108,134,121,134.589192306929,0.421206828086116,110.559497470274,158.582785517042
"1994","18",108,134,118.170482696551,118.170482696551,0.42324632698819,94.1165070149933,142.313671416367
"1994","19",99,108,103.5,115.015821697239,0.419669111451072,90.93041016309,139.011306453258
"1994","20",99,108,104.916140768588,104.916140768588,0.421789908645432,80.9243732250927,128.96252492685
"1994","21",153,NA,160.344490477932,160.344490477932,0.422800938510085,136.516581425165,184.378153735047
"1994","22",153,NA,158.743843632944,158.743843632944,0.419970963812292,135.096279075305,182.689090167361
"1994","23",153,NA,166.128129751813,166.128129751813,0.421941197706462,142.118927434121,190.154560713289
"1994","24",153,NA,165.392140922728,165.392140922728,0.422443697621298,141.406154713637,189.347183777666
"1994","25",134,153,149.744208675068,149.744208675068,0.42316530450558,125.629334992648,173.639433954896
"1994","26",108,134,121,134.511852100208,0.419609562663248,110.629740401907,158.264361949639
"1994","27",134,153,139.106778134928,139.106778134928,0.419544730660032,115.25962074653,162.821394640415
"1994","28",134,153,142.368703324463,142.368703324463,0.422806562982476,118.187128923261,166.416909332034
"1994","29",99,108,103.5,114.113392114055,0.42251858724727,90.071761746006,138.114068263603
"1994","30",99,108,103.5,108.673525393141,0.420835017837538,84.7871646816376,132.554049742635
"1994","31",134,153,143.5,156.795797749012,0.42105830903296,132.924480111974,180.622886417636
"1994","32",153,NA,158.527056217038,158.527056217038,0.421474172539134,134.72067254482,182.41579504377
"1994","33",153,NA,163.668083773717,163.668083773717,0.42087310851593,140.000229919852,187.583357809677
"1994","34",153,NA,165.253407064476,165.253407064476,0.41956808437639,141.248578355819,189.130715897731
"1994","35",153,NA,163.602293505043,163.602293505043,0.42200533167895,139.533942348553,187.772768330488
"1994","36",134,153,138.635083503873,138.635083503873,0.423375089299556,114.589911859749,162.640978908828
"1994","37",134,153,139.222166017947,139.222166017947,0.420534146942143,115.217585755351,163.0735686691
"1994","38",134,153,144.700587707259,144.700587707259,0.421713436362242,120.733633750013,168.586471095478
"1994","39",108,134,119.850404974198,119.850404974198,0.422046013303872,95.7752638006233,143.903468216863
"1994","40",99,108,107.684100904163,107.684100904163,0.421197020802381,83.7863203978777,131.565694615957
"1994","41",153,NA,156.631183452395,156.631183452395,0.420213431926078,132.792808810326,180.590429581474
"1994","42",153,NA,159.965254726521,159.965254726521,0.419105987776644,136.086377684729,183.556778523304
"1994","43",153,NA,167.408400798316,167.408400798316,0.423617482611763,143.486973389024,191.584265907482
"1994","44",153,NA,169.239882326617,169.239882326617,0.423740154468406,145.133806849855,193.381579710849
"1994","45",153,NA,173.018523173631,173.018523173631,0.420676235001958,149.20615331908,196.736902954939
"1994","46",153,NA,162.526990671375,162.526990671375,0.423104263290178,138.350298245882,186.533712820784
"1994","47",108,134,121,139.229147546526,0.421812150254145,114.929321014236,163.307296196851
"1994","48",108,134,123.848761871656,123.848761871656,0.420528708135143,100.098652519449,147.651504823571
"1994","49",108,134,128.050045753838,128.050045753838,0.418483557515474,104.112834157173,151.806414515207
"1994","50",99,108,103.5,112.836515607876,0.420331216942694,88.9094069112747,136.471308800927
"1994","51",153,NA,153,150.835291912908,0.422617114815457,126.812177545085,174.813466918492
"1994","52",153,NA,153,145.042076391193,0.422634529320907,121.104470374029,169.140490572664
"1994","53",153,NA,167.473226718008,167.473226718008,0.421701397275692,143.346428946777,191.648768414754
"1994","54",153,NA,171.297054513685,171.297054513685,0.422343528681281,147.262831472353,195.207590968607
"1994","55",153,NA,181.936267662491,181.936267662491,0.422369380017456,158.238203432691,206.361242980591
"1994","56",153,NA,181.012992579865,181.012992579865,0.421559617548902,157.13965749833,205.044921553477
"1994","57",108,134,121,135.290760427082,0.421117383570082,111.095855594316,159.12724102841
"1994","58",108,134,132.525629431232,132.525629431232,0.421626737075191,108.635361820368,156.587367579562
"1994","59",99,108,103.5,121.416594652644,0.42345233706616,97.4957192782568,145.47063217517
"1994","60",108,134,123.503690069172,123.503690069172,0.423461714341172,99.5409445483722,147.516979792452
"1994","61",108,134,121,136.51282609055,0.423170831804331,112.459131648422,160.622222069394
"1994","62",153,NA,160.31870908685,160.31870908685,0.421010434425616,136.568638665268,184.3302572066
"1994","63",153,NA,169.443760393053,169.443760393053,0.422906298520434,145.325195870194,193.300869566381
"1994","64",153,NA,153.784412667131,153.784412667131,0.419344438053357,129.923111835905,177.592563492444
"1994","65",153,NA,182.891205726682,182.891205726682,0.422659065521177,158.775857786311,206.731829148647
"1994","66",153,NA,181.887069986859,181.887069986859,0.424373372565039,157.651443292525,205.812808372911
"1994","67",108,134,121,134.132454384656,0.423319542815061,109.911161430598,158.209935477926
"1994","68",108,134,130.600223343362,130.600223343362,0.421700370278954,106.320281611664,154.401462391786
"1994","69",99,108,103.5,120.238987077801,0.41919197568784,96.5259522176998,144.088056120651
"1994","70",99,108,103.5,117.884259974051,0.419491571374409,94.0074289098185,141.751100995326
"1994","71",134,153,137.472754311725,137.472754311725,0.422646403683147,113.666598652561,161.406287201056
"1994","72",153,NA,153,152.404017796275,0.422438332366318,128.517296915868,176.361744844149
"1994","73",153,NA,163.979036433227,163.979036433227,0.42065935024596,140.186165977137,187.863548550572
"1994","74",153,NA,173.626599967806,173.626599967806,0.420644840708203,149.673265038947,197.710398100622
"1994","75",153,NA,169.392539203211,169.392539203211,0.421143745441809,145.23708869425,193.174965018861
"1994","76",153,NA,171.539812454506,171.539812454506,0.423370768818742,147.491466244223,195.595351352752
"1994","77",108,134,121,145.141631304167,0.421688733540435,121.257516823216,169.095276808966
"1994","78",134,153,143.5,122.190006248054,0.420720692221759,98.3919393507306,146.268254044273
"1994","79",108,134,129.236607435053,129.236607435053,0.421282434905327,105.252192644838,153.296163699948
"1994","80",108,134,128.734665534086,128.734665534086,0.422400291170747,104.90976321742,152.695318946715
"1994","101",99,108,100.396802639392,100.396802639392,0.422930057452945,76.362737192315,124.384547366253
"1994","201",99,108,99.3759460387168,99.3759460387168,0.42188947491011,75.4300663241402,123.694218032441
"1994","301",99,108,105.080175467938,105.080175467938,0.421730830950627,81.2619576864181,129.087401096158
"1994","401",99,108,103.5,108.067784673255,0.420475915012182,84.1736579987819,131.794365977789
"1994","501",99,108,103.5,109.451255237296,0.423000059969514,85.3078179798272,133.299940684317
"1994","601",99,108,103.5,108.091552151099,0.423406108289012,84.1278586523349,131.983947310062
"1994","701",99,108,103.5,108.667271127571,0.422017389115439,84.7041549790032,132.584669824762
"1994","801",108,134,123.693740795284,123.693740795284,0.423285051977432,99.5897793314689,147.792813830771
"1995","1",194,205,199.5,207.551649433656,0.418269267198535,183.672313704403,231.187045042415
"1995","2",194,205,199.5,206.20672154715,0.420435663986305,182.155368785751,230.22547612649
"1995","3",194,205,204.442251093548,204.442251093548,0.421444478110875,180.449755983097,228.57523859387
"1995","4",194,205,200.797283892975,200.797283892975,0.420539493477855,176.904192731887,224.91078419587
"1995","5",194,205,202.021526617127,202.021526617127,0.421586954003005,177.822262352704,225.849136021943
"1995","6",194,205,200.906127867883,200.906127867883,0.419150930390872,177.08361775799,224.75186608648
"1995","7",170,177,173.5,182.345237213296,0.420199294084177,158.477948473019,206.189131962115
"1995","8",163,170,166.5,180.461444019306,0.419935967116903,156.461169859193,204.391479143371
"1995","9",163,170,166.5,178.616859780588,0.419534590157657,154.671887197065,202.449160010195
"1995","10",156,163,159.5,153.009148214768,0.420105965909422,128.962815572535,176.668025685458
"1995","11",214,NA,214,210.360626206546,0.420813677666608,186.425344685453,234.301624214764
"1995","12",205,214,207.044604714402,207.044604714402,0.419724513504029,182.975004963815,230.767868628383
"1995","13",205,214,209.5,216.922078022013,0.41853634624176,193.000262174288,240.495752762025
"1995","14",205,214,206.594492550609,206.594492550609,0.418382767147854,182.791677332119,230.340371639387
"1995","15",194,205,202.285561883782,202.285561883782,0.423008712699992,178.219780720978,226.272493817562
"1995","16",188,194,191,194.14808126367,0.420118903510094,170.352561507737,217.974588530126
"1995","17",170,177,173.5,184.880489237547,0.422327209848228,160.904504346774,208.992012845442
"1995","18",163,170,168.550103356294,168.550103356294,0.42097409011387,144.66140161357,192.485133329879
"1995","19",163,170,165.359678500786,165.359678500786,0.419794969621658,141.684112758818,189.230066920442
"1995","20",156,163,159.5,155.475100596541,0.420194195978042,131.801836026692,179.59085878502
"1995","21",214,NA,214,210.738686414736,0.418605327078275,186.956959304409,234.474900686399
"1995","22",205,214,209.356830367656,209.356830367656,0.423400293318288,185.390906085988,233.523431697865
"1995","23",205,214,209.5,216.541116557051,0.422746675822208,192.679945378625,240.686904315577
"1995","24",205,214,209.5,215.890306899705,0.421689846127656,191.954933416931,239.860048722832
"1995","25",188,194,191,200.235540647485,0.420982033806811,176.175639642307,224.138915959587
"1995","26",170,177,173.5,184.948452947295,0.421119856085983,160.907842419306,208.727784027559
"1995","27",177,188,182.5,189.492831014161,0.41990739120417,165.682524116772,213.20220707355
"1995","28",188,194,192.806169278909,192.806169278909,0.419018732747323,169.089945524792,216.446827429793
"1995","29",163,170,164.55397715135,164.55397715135,0.421753971789761,140.611631174248,188.638055814064
"1995","30",156,163,159.102084239717,159.102084239717,0.419188358072781,135.329823975477,183.00305452347
"1995","31",205,214,207.323217727652,207.323217727652,0.420857954706114,183.2753902513,231.148865670965
"1995","32",214,NA,214,209.010088246382,0.419140974491342,184.998943668133,232.775089989605
"1995","33",205,214,209.5,214.146222756331,0.420271707153145,190.047325614532,237.99352245507
"1995","34",205,214,209.5,215.810197489419,0.421651848910655,191.978805320204,239.830863259019
"1995","35",205,214,213.957771650289,213.957771650289,0.420121751303362,190.274068550932,237.874786078977
"1995","36",194,205,199.5,189.094460563377,0.421885445510629,164.9979332517,212.896948628092
"1995","37",177,188,182.5,189.721889107847,0.420928686704996,165.808248862019,213.565235324687
"1995","38",188,194,191,195.121956939875,0.422543008478454,171.1077171597,219.19093368569
"1995","39",170,177,170.340675569018,170.340675569018,0.41939515354522,146.316795190948,193.972236705474
"1995","40",163,170,166.5,158.113822869238,0.420625097046393,134.257491069707,181.94468798105
"1995","41",214,NA,214,207.034190548045,0.420929594979096,182.748423221465,230.695945467424
"1995","42",205,214,210.347843592433,210.347843592433,0.418234716293776,186.682494797285,234.26340086058
"1995","43",214,NA,217.886638028537,217.886638028537,0.420990077339743,194.058485222393,241.806976734081
"1995","44",214,NA,219.617148801475,219.617148801475,0.420472390680689,195.563205733284,243.540591195576
"1995","45",214,NA,223.391301850628,223.391301850628,0.419842076183054,199.402384568717,247.210474469169
"1995","46",214,NA,214,212.947176834731,0.419778057902806,189.193515924398,236.750991904292
"1995","47",177,188,182.5,189.651574711717,0.418893700390891,166.051345741401,213.602309957438
"1995","48",170,177,174.366947496219,174.366947496219,0.420228189862715,150.485540015083,198.305686822027
"1995","49",170,177,173.5,178.351354284194,0.42226828992735,154.700707307211,202.627799882628
"1995","50",163,170,163.321291823423,163.321291823423,0.420380349992022,139.414243732112,187.24326551412
"1995","51",194,205,201.292687703683,201.292687703683,0.42057537881492,177.573117891054,225.310398657734
"1995","52",194,205,195.4430924157,195.4430924157,0.421489894280337,171.367381155357,219.423803062894
"1995","53",214,NA,217.970227754718,217.970227754718,0.419397759469506,194.116105420594,241.592313642283
"1995","54",214,NA,221.697209016059,221.697209016059,0.419682971744071,197.71711619488,245.583060579655
"1995","55",214,NA,232.294328298359,232.294328298359,0.422549324809536,208.198306264863,256.271321426798
"1995","56",214,NA,231.44471919681,231.44471919681,0.424861433907538,207.181448720286,255.404327234969
"1995","57",170,177,173.5,185.633249810618,0.420109151946181,161.723354172475,209.530788222411
"1995","58",177,188,182.890255071944,182.890255071944,0.421812927446357,158.810831199593,207.087508411756
"1995","59",170,177,171.904793847556,171.904793847556,0.420074603584405,147.939887911204,195.715821854962
"1995","60",170,177,173.832453977802,173.832453977802,0.420236373026481,149.858658763264,197.66754800721
"1995","61",188,194,191,187.064546246207,0.418597141922741,163.43756922541,210.960737951854
"1995","62",194,205,199.5,210.728639626384,0.419908584940469,186.690690390302,234.482613243986
"1995","63",214,NA,219.836793667062,219.836793667062,0.421671001588795,195.968808214271,243.792441004652
"1995","64",194,205,204.273209459042,204.273209459042,0.4201105425096,180.004611712071,228.117545310204
"1995","65",214,NA,233.211036576461,233.211036576461,0.422085248980086,209.412668470853,257.214158689695
"1995","66",214,NA,232.24603187017,232.24603187017,0.424095162612183,208.131561906596,256.344527577973
"1995","67",170,177,173.5,184.426383070653,0.420153591915378,160.566485598302,208.309668480865
"1995","68",177,188,180.984953142323,180.984953142323,0.420631692030739,157.245452911427,204.923675523993
"1995","69",170,177,170.619167389275,170.619167389275,0.420834690878286,146.688997161494,194.402237585453
"1995","70",163,170,168.333183447403,168.333183447403,0.419588327668218,144.421717666418,192.324324128808
"1995","71",188,194,191,187.828593328731,0.418703124030271,163.969281970767,211.409099154497
"1995","72",194,205,202.888512711693,202.888512711693,0.420561908238098,178.928027098304,226.86792451928
"1995","73",214,NA,214.543719978137,214.543719978137,0.419343124373815,190.71296156409,238.420511507939
"1995","74",214,NA,224.050119378108,224.050119378108,0.422009384940756,200.322133417351,248.185696340053
"1995","75",214,NA,219.67474966101,219.67474966101,0.421862143014897,195.682804870961,243.707468277588
"1995","76",214,NA,222.05865972341,222.05865972341,0.421544195419499,198.007133360181,246.071905720829
"1995","77",188,194,191,195.63354366921,0.419281683916863,171.940247901618,219.455513644567
"1995","78",188,194,191,172.683313902603,0.420645521582556,148.853915775612,196.517848411633
"1995","79",170,177,173.5,179.654167712649,0.421386129672193,155.857532699516,203.585139702173
"1995","80",170,177,173.5,179.221391248611,0.423720492101029,155.288362301796,203.293649504786
"1995","101",156,163,159.5,151.009199520067,0.421648637815899,127.187361807383,175.022788951789
"1995","201",156,163,159.5,149.825053149348,0.421660885083853,125.766306437291,173.9378704169
"1995","301",156,163,159.5,155.714999279803,0.421590428677408,131.613590769663,179.496037154406
"1995","401",156,163,158.457134246425,158.457134246425,0.420549099408074,134.548271063399,182.313220181041
"1995","501",163,170,166.5,159.763011815052,0.418206959102754,135.958282608924,183.617903701929
"1995","601",156,163,158.513219711421,158.513219711421,0.422648057351918,134.431418557636,182.528146517201
"1995","701",163,170,166.5,159.215519758555,0.422736647515111,135.291766832862,183.241485478959
"1995","801",170,177,174.221767802273,174.221767802273,0.418253302654851,150.287914003128,198.049871762714
"1996","1",185,192,188.5,172.495763776617,0.420982237146852,148.921636873214,196.544358241917
"1996","2",185,192,188.5,171.529690162395,0.422380808178787,147.612222952845,195.59338849596
"1996","3",185,192,188.5,169.650638191939,0.419620747855639,145.892938340224,193.515714911469
"1996","4",178,185,181.5,165.868142907553,0.420005455974414,141.915504670942,189.828144293233
"1996","5",178,185,181.5,167.156611892171,0.420742500475936,143.080902294771,191.011704464607
"1996","6",178,185,181.5,166.098616428763,0.421921237085172,141.987137420328,190.007570767252
"1996","7",130,143,136.5,147.804494594113,0.419914129606371,124.241795292146,171.719025108208
"1996","8",130,143,136.5,145.516334352138,0.419429098096686,121.819467133058,169.239463084691
"1996","9",87,130,108.5,143.693879919443,0.421300304025277,119.870468357223,167.54871119882
"1996","11",185,192,188.5,175.382833147684,0.420870972991376,151.299649654626,199.073720957221
"1996","12",185,192,188.5,172.199257576274,0.418332163457655,148.409878511409,196.007150877866
"1996","13",198,206,202,182.091323983255,0.419716957980709,158.216744558275,205.879505183872
"1996","14",185,192,188.5,171.767444720704,0.42249481990248,147.847651062523,195.754202016683
"1996","15",178,185,181.5,167.417075353045,0.42122900338342,143.463447593924,191.361163498063
"1996","16",166,178,172,159.30645107025,0.421829440986357,135.282820252003,183.203266581623
"1996","17",130,143,136.5,150.030369931063,0.420178839543559,126.311301679534,173.892360126591
"1996","18",87,130,108.5,133.695711125885,0.418251142934509,110.046885574133,157.528889129779
"1996","19",75,105,90,130.424126324168,0.420021668029843,106.552806077125,154.388639094142
"1996","21",185,192,188.5,175.957248583383,0.421139967709264,152.123042590309,199.816801774207
"1996","22",192,198,195,174.422335157859,0.419618852562775,150.655685041062,198.404266260744
"1996","23",192,198,195,181.739012787819,0.421645371057494,157.767561597554,205.628663648081
"1996","24",198,206,202,181.007021130379,0.41841174646682,157.192621579442,204.899280377556
"1996","25",178,185,181.5,165.346767848729,0.420450175121225,141.455223819049,189.473551044076
"1996","26",159,166,162.5,150.134643963092,0.42254495224782,126.148952079384,174.235825671391
"1996","27",143,159,154.629543978058,154.629543978058,0.419044390702897,130.797228970001,178.234543700954
"1996","28",143,159,157.950466570592,157.950466570592,0.419599750054758,133.924352996407,181.782590699071
"1996","29",75,105,90,129.72538956516,0.420267440486904,105.724379490623,153.661667022412
"1996","31",178,185,181.5,172.404624690838,0.421364953278218,148.495124310353,196.340465543413
"1996","32",185,192,188.5,174.178324051878,0.420440140611215,150.249582668131,198.25812109463
"1996","33",198,206,202,179.336057189819,0.419403427384837,155.710777429604,203.275877228995
"1996","34",198,206,202,180.978082906554,0.419569761239581,157.167048833851,204.73101163018
"1996","35",192,198,195,179.175516374673,0.42204670198372,155.358533480651,203.312188456398
"1996","36",166,178,172,154.191567609117,0.420025221663865,130.324408895819,178.052845775104
"1996","37",143,159,154.986710303291,154.986710303291,0.420127574190683,131.270923613827,178.893784659202
"1996","38",159,166,160.250040041496,160.250040041496,0.419106750346623,136.369338659108,184.067809014512
"1996","39",87,130,108.5,135.483775917092,0.4182684486116,111.757266768627,159.355090805912
"1996","40",75,105,90,123.351506961167,0.422377487976145,99.1561526285866,147.329131506609
"1996","41",166,178,172.20408023028,172.20408023028,0.420246164491932,148.466715618623,195.888106521844
"1996","42",185,192,188.5,175.468506905452,0.419269793462699,151.584423792806,199.206693639548
"1996","43",192,198,195,182.94041459897,0.420036145748566,159.090840712035,206.779232070142
"1996","44",198,206,202,184.848342845378,0.419964788780898,160.852669368511,208.676123869907
"1996","45",198,206,202,188.497785526342,0.42070733605259,164.317715710832,212.076243804852
"1996","46",192,198,195,178.182812610907,0.420443191470132,154.310300527161,201.910130988648
"1996","47",159,166,162.5,154.96715747752,0.422421944102709,131.09956909196,178.848411167077
"1996","48",166,178,172,139.456809659315,0.420066024828246,115.65593612278,163.329437380671
"1996","49",87,130,108.5,143.672079812023,0.421921058758371,119.818775524676,167.59509237105
"1996","50",87,130,128.468289010606,128.468289010606,0.422291999611854,104.570645861524,152.5330194802
"1996","51",143,159,151,166.358061623007,0.420863850614859,142.260271970323,190.239830406444
"1996","52",159,166,160.500145215132,160.500145215132,0.418050360333557,136.567409170402,184.055637145319
"1996","53",185,192,188.5,183.0333504833,0.42193158532159,159.018905537971,207.108467241312
"1996","54",198,206,202,186.881663522942,0.419622293887323,162.838835388984,210.808219842747
"1996","55",212,219,215.5,197.610466347581,0.42336846255024,173.385693721904,221.602836773329
"1996","56",212,219,215.5,196.743814668658,0.424637157159093,172.573775417125,220.710608502479
"1996","57",159,166,162.5,150.980720672104,0.421254215682928,126.959910788728,174.894820378281
"1996","58",130,143,136.5,148.041985073881,0.416398020524477,124.546304196817,171.798549626736
"1996","59",87,130,108.5,137.101549763335,0.420811905839997,113.195423368327,160.921895518949
"1996","60",87,130,108.5,138.987835131254,0.420989177478714,115.126363428365,162.889095573449
"1996","61",87,130,108.5,152.264129046376,0.418587920819873,128.288305187699,176.158236015713
"1996","62",166,178,175.95944187249,175.95944187249,0.42142369677968,151.888821295978,200.016844072197
"1996","63",185,192,188.5,184.900295513122,0.420374662661776,161.032644648834,208.663213287072
"1996","64",178,185,181.5,169.349935173966,0.419163835972687,145.644494422205,193.139234469304
"1996","65",212,219,215.5,198.370510024394,0.425574060699486,174.283755433,222.735108096498
"1996","66",212,219,215.5,197.495143437391,0.424914875057573,173.270357640427,221.614989242044
"1996","67",159,166,162.5,149.727577570791,0.418201595886012,125.853421015894,173.352356810537
"1996","68",130,143,136.5,146.191935163973,0.419892355032009,122.248402565643,170.057287076826
"1996","69",87,130,108.5,135.941188235616,0.420481506660864,111.982796655798,159.77511529471
"1996","70",75,105,90,133.4314159974,0.420508605173219,109.685333857201,157.250497047733
"1996","71",130,143,136.5,153.022478183752,0.419188143308186,129.123971591349,177.015112445216
"1996","72",159,166,162.5,167.951544327151,0.42106754879894,144.109047619384,191.85269190114
"1996","73",178,185,179.701826382142,179.701826382142,0.418281182320962,155.713087809746,203.323389600891
"1996","74",185,192,189.27610152528,189.27610152528,0.420286857067689,165.245401824845,213.300271744452
"1996","75",198,206,202,184.903187843681,0.422257133197864,161.044304240758,208.75607380127
"1996","76",206,212,209,187.190791188813,0.420743805049109,163.056539637903,210.968649082914
"1996","77",159,166,160.724579138187,160.724579138187,0.426305603635894,136.337987833916,185.013363400843
"1996","78",75,105,90,137.893795247614,0.416855182784518,114.403348754809,161.56299516929
"1996","79",130,143,136.5,144.834185942705,0.421279278138588,120.920616971531,168.881894100596
"1996","80",87,130,108.5,144.344494630546,0.421806808877126,120.172870496686,168.51561098245
"1996","301",75,105,90,120.843155102859,0.421255098429957,97.0473587429325,144.927315750861
"1996","801",87,130,108.5,139.407479113389,0.419698585480222,115.384716347208,163.404220055989
"1997","1",177,191,186.344745463634,186.344745463634,0.421371771191298,162.75380869737,210.497952806344
"1997","2",177,191,185.296722988723,185.296722988723,0.419434363190419,161.413755733998,209.428301714319
"1997","3",177,191,183.365981614336,183.365981614336,0.421440293939903,159.607311490293,207.053952172008
"1997","4",177,191,179.572905663302,179.572905663302,0.422770746825695,155.344277920572,203.70121829031
"1997","5",177,191,181.039439144249,181.039439144249,0.422926199099193,156.718971491881,204.822919510894
"1997","6",170,177,173.5,179.921374446141,0.422162990934739,155.839510219398,203.905129040928
"1997","7",160,170,161.43409378039,161.43409378039,0.419764231925829,137.733902342997,185.282611435146
"1997","8",160,170,165,159.280021007475,0.421980161931329,135.478782160098,183.118883634196
"1997","9",160,170,165,157.498011915986,0.421225319050892,133.465265922533,181.506776078216
"1997","10",75,105,90,131.973522348671,0.424377116312312,107.632219410979,155.716609675617
"1997","11",177,191,189.287552556741,189.287552556741,0.4223419276681,165.419103917432,213.339473687583
"1997","12",177,191,186.02136584881,186.02136584881,0.417591759178958,162.306240288812,209.713116297664
"1997","13",213,NA,213,195.897233733513,0.421764117877341,172.16147571038,219.898520193527
"1997","14",177,191,185.574604875554,185.574604875554,0.421098338302064,161.337406003855,209.380182003672
"1997","15",177,191,181.353211762349,181.353211762349,0.418583989146244,157.612474508127,205.071763324754
"1997","16",135,160,147.5,173.101942634253,0.418706824007835,149.194606765027,196.922674371619
"1997","17",160,170,163.856963113657,163.856963113657,0.419378971574259,140.111392010982,187.611647729796
"1997","18",135,160,147.568981736137,147.568981736137,0.420954100958949,123.623164595858,171.612849512172
"1997","19",135,160,144.351247991942,144.351247991942,0.422826578165322,120.032199445233,168.263878867338
"1997","20",135,160,147.5,134.507215653727,0.419523917831722,110.789059033724,158.276126883478
"1997","21",177,191,189.808283996315,189.808283996315,0.422898456321696,165.867473957252,213.909128392942
"1997","22",177,191,188.224758710302,188.224758710302,0.420778720538297,164.404004227625,212.401323293473
"1997","23",191,213,195.50168663755,195.50168663755,0.42137577388663,171.62253943908,219.216857036604
"1997","24",191,213,194.803166844692,194.803166844692,0.418570791919122,170.961009291418,218.543785607776
"1997","25",177,191,179.210527730663,179.210527730663,0.421380209563367,155.060894834058,202.969854241603
"1997","26",135,160,147.5,164.105000389196,0.41925714504174,140.34901516214,188.048905633867
"1997","27",135,160,147.5,168.356943175547,0.418909780411948,144.719240892548,192.257981768981
"1997","28",135,160,147.5,171.83170063778,0.419696044267297,148.29398482569,195.731292533898
"1997","29",135,160,143.583258668063,143.583258668063,0.423756660938618,119.653735369545,167.433621316801
"1997","30",135,160,137.966494144049,137.966494144049,0.420420704041778,113.973475321499,161.963959490994
"1997","31",177,191,186.203981132223,186.203981132223,0.423039493085217,162.247336710576,210.147808226469
"1997","32",177,191,187.983988652384,187.983988652384,0.417754180479286,164.109826061057,211.601303482155
"1997","33",191,213,193.218868902571,193.218868902571,0.421281724475536,169.266762030053,217.372680295278
"1997","34",191,213,194.764182566629,194.764182566629,0.421338324834226,170.808978876399,218.794853533322
"1997","35",177,191,184,192.937612081555,0.41985102595865,169.245397202807,216.875227854647
"1997","36",135,160,147.5,168.097121672722,0.420583236677159,144.445788549439,192.133803402267
"1997","37",135,160,147.5,168.781467348083,0.420688922713659,144.913103818137,192.622910472704
"1997","38",135,160,147.5,174.102779068194,0.420460176307549,150.32145881216,197.977025587671
"1997","39",170,177,173.5,149.415502353421,0.423696485719427,125.254726326934,173.500115251679
"1997","40",135,160,137.144229639787,137.144229639787,0.421001784528273,113.199039245008,161.364797760874
"1997","41",177,191,186.033900556371,186.033900556371,0.420116171800582,162.032017883917,210.057873180288
"1997","42",177,191,189.329527910924,189.329527910924,0.420694418012662,165.463009227138,213.342991223693
"1997","43",213,NA,213,196.866488121949,0.420604711981028,172.844173899193,220.880904025604
"1997","44",213,NA,213,198.669437938492,0.423934584586499,174.640464173503,222.749251100339
"1997","45",191,213,202.458303890529,202.458303890529,0.422756021122791,178.362486470322,226.472731220952
"1997","46",191,213,192.025986101507,192.025986101507,0.421016032133229,167.82063971887,216.118555605035
"1997","47",135,160,147.5,168.691508415766,0.418479829086179,144.956489856312,192.270726925574
"1997","48",135,160,153.293254077041,153.293254077041,0.421526234618647,129.318995654584,177.207363566742
"1997","49",135,160,157.470878242836,157.470878242836,0.422687696873478,133.500107319355,181.368900762359
"1997","50",135,160,142.179008502086,142.179008502086,0.418378951942968,118.265681515859,165.849235610016
"1997","51",170,177,173.5,180.368933081778,0.42183619839862,156.521307069759,204.426825958703
"1997","52",170,177,174.35927926194,174.35927926194,0.418548924393262,150.636235873867,197.955397549692
"1997","53",191,213,196.905769712546,196.905769712546,0.420478688815911,172.93087195242,220.835487765929
"1997","54",213,NA,213,200.647205912149,0.419979508631208,176.755856221133,224.564543616485
"1997","55",213,NA,213,211.340994239289,0.422680064191418,187.053478744889,235.077300628035
"1997","56",191,213,210.414959437868,210.414959437868,0.421214998148874,186.704101479369,234.551196292069
"1997","57",135,160,147.5,164.793793609225,0.420439336334676,141.065058831289,188.957709384592
"1997","58",135,160,147.5,161.957204083264,0.420617318970597,138.088620370104,185.798468212405
"1997","59",135,160,150.948286713064,150.948286713064,0.420655569683106,127.0559316014,174.776039339031
"1997","60",135,160,152.797169516845,152.797169516845,0.419107136634627,128.89853374959,176.528670112803
"1997","61",160,170,165.982271138979,165.982271138979,0.418692416117825,142.305564053488,189.919138161464
"1997","62",177,191,189.804874754307,189.804874754307,0.422705686224877,165.719657648101,213.686646190906
"1997","63",177,191,184,198.900417365658,0.421789399046139,174.963727517055,222.958742476754
"1997","64",177,191,183.212028168678,183.212028168678,0.421037727392585,159.440676361135,207.130225294914
"1997","65",213,NA,213,212.253845610325,0.422823456211836,188.241714309541,236.374409935555
"1997","66",213,NA,213,211.359540012563,0.420646751689511,187.576008142864,235.301261387703
"1997","67",135,160,147.5,163.445297192775,0.420974554744536,139.627490390389,187.124617214197
"1997","68",135,160,147.5,160.09182027949,0.418458238564433,136.17309588555,183.855249771533
"1997","69",135,160,149.809357809728,149.809357809728,0.420107082108365,125.938522236224,173.790459043725
"1997","70",135,160,147.33321332651,147.33321332651,0.419022641355374,123.670149756707,171.091127208561
"1997","71",160,170,166.880506007399,166.880506007399,0.421199852202614,143.020330581137,190.890244594508
"1997","72",170,177,173.5,181.848081010114,0.41955075573378,157.947540137842,205.842559420911
"1997","73",177,191,184,193.362984884213,0.42114853641471,169.473286164749,217.277055980887
"1997","74",213,NA,213,203.088168751707,0.421929207536082,179.035367196536,226.811973155776
"1997","75",213,NA,213,198.764958592705,0.419531366124423,175.151754956441,222.583722278379
"1997","76",213,NA,213,201.100121193812,0.422603838267749,176.905947097521,225.210005687063
"1997","77",170,177,174.468981147547,174.468981147547,0.421991047805984,150.54856482299,198.511248683155
"1997","78",135,160,151.737802440877,151.737802440877,0.418303391929784,127.878428320429,175.51202828677
"1997","79",135,160,158.582901554064,158.582901554064,0.423480413032017,134.573848476606,182.382788879929
"1997","80",135,160,158.217033944889,158.217033944889,0.419035739142195,134.201351955537,182.05925655556
"1997","101",135,160,147.5,130.002731089704,0.420988892354065,106.026521785677,153.671104973314
"1997","201",135,160,147.5,128.62569685375,0.42269477248219,104.677547928239,152.632148259512
"1997","301",135,160,147.5,134.637680418516,0.420101797040988,110.703703825045,158.490895595431
"1997","401",135,160,137.359876200552,137.359876200552,0.418831168116473,113.658259220731,161.213151507258
"1997","501",135,160,138.775306678713,138.775306678713,0.41993513026205,114.981488304653,162.613957403084
"1997","601",135,160,137.41311782172,137.41311782172,0.421199449738761,113.431930447825,161.450854569523
"1997","701",135,160,138.103917786664,138.103917786664,0.419745270258362,114.403088227036,162.28628073812
"1997","801",135,160,153.137997307547,153.137997307547,0.41901088631937,129.264265131082,176.886529604063
"1998","1",177,195,177.178758679401,177.178758679401,0.422556051554227,153.330735660898,201.196749266011
"1998","2",177,195,186,176.215326193544,0.421801782913223,152.334872625883,200.145524616113
"1998","3",177,195,186,174.109114182921,0.419012326533774,150.283511399204,197.864420378978
"1998","4",177,195,186,170.346202163225,0.42145943825856,146.406993606148,194.220194020923
"1998","5",177,195,186,172.031641673796,0.41728901986963,148.210052013318,195.818674093383
"1998","6",177,195,186,170.7099088717,0.421135853510826,146.843437079492,194.670765695777
"1998","7",147,177,152.116736821369,152.116736821369,0.420792715991587,128.328331889647,175.928248960384
"1998","8",138,147,142.5,150.225315580331,0.420789747160062,126.18595639783,174.225842792396
"1998","9",138,147,142.5,148.344580134637,0.422933497493958,124.366124111354,172.390250611917
"1998","11",177,195,180.036601774956,180.036601774956,0.420105966907704,156.052001058077,203.949674071577
"1998","12",177,195,186,176.883073562926,0.421361011286794,152.964088665058,200.997947827948
"1998","13",177,195,186.751899838827,186.751899838827,0.422169790074765,162.661228325812,210.781874469385
"1998","14",177,195,186,176.506946798612,0.42194431767355,152.504995059499,200.47521511167
"1998","15",177,195,186,171.966446096066,0.419223128429306,148.17921575891,195.632856599761
"1998","16",147,177,163.865710869997,163.865710869997,0.420606008682247,139.916860165516,187.884626470659
"1998","17",147,177,154.843848311079,154.843848311079,0.419593011833328,130.899837842028,178.759139229495
"1998","18",138,147,138.395142443013,138.395142443013,0.419950081138405,114.570016059206,162.39088275169
"1998","19",138,147,142.5,135.209205685214,0.421636693755577,111.198870136359,159.063719681667
"1998","21",177,195,180.666502029641,180.666502029641,0.419792645074456,156.970317439423,204.557465051003
"1998","22",177,195,179.090861493758,179.090861493758,0.420168743119764,155.334999817391,203.01580563048
"1998","23",177,195,186.293324755017,186.293324755017,0.421561847390353,162.327273097024,210.27917311223
"1998","24",177,195,185.589652966849,185.589652966849,0.421082674672952,161.436132901036,209.413480912052
"1998","25",177,195,186,169.954147628106,0.419269688195923,146.189814522985,193.656472970498
"1998","26",147,177,154.69086594419,154.69086594419,0.420010036885918,130.829760293985,178.606608901363
"1998","27",147,177,159.349434861995,159.349434861995,0.42122577351041,135.257468441522,183.317009370397
"1998","28",147,177,162.539560567231,162.539560567231,0.421330605457903,138.595700727496,186.43031008801
"1998","29",138,147,142.5,134.347233915409,0.421675019855078,110.284361714754,158.517190720413
"1998","31",177,195,177.059368392191,177.059368392191,0.41895707687854,153.262603254285,200.928219902929
"1998","32",177,195,178.688823125762,178.688823125762,0.423327335886354,154.81040369038,202.898490349202
"1998","33",177,195,183.93775526205,183.93775526205,0.42241755215503,159.799911029168,208.02635761948
"1998","34",177,195,185.481323303131,185.481323303131,0.422028752846878,161.532975816473,209.30919832465
"1998","35",177,195,183.857889351899,183.857889351899,0.421166920703383,159.781211729755,207.858774465395
"1998","36",147,177,158.994464590958,158.994464590958,0.420834837821335,135.118166772334,182.806800177759
"1998","37",147,177,159.451872765364,159.451872765364,0.419627624122521,135.374604957005,183.482343621046
"1998","38",177,195,186,164.899815890629,0.417126465955342,141.01196103813,188.520511735325
"1998","39",138,147,140.213188151812,140.213188151812,0.421473538500507,116.223392863812,164.037487629314
"1998","41",177,195,186,176.810870087378,0.420340728693748,152.861758102458,200.806994281952
"1998","42",177,195,180.292657204518,180.292657204518,0.41842314380628,156.531215159825,204.093866978672
"1998","43",177,195,187.608249066844,187.608249066844,0.419582491318183,163.508624162887,211.348037246538
"1998","44",177,195,189.413844704295,189.413844704295,0.422270084883083,165.412576553181,213.348216519269
"1998","45",195,NA,195,193.33931803842,0.422584046379891,169.36194804458,217.264494185959
"1998","46",177,195,182.860763838839,182.860763838839,0.421729167510702,158.819369296436,206.720775673791
"1998","47",147,177,159.491659797646,159.491659797646,0.419685544655945,135.425673530342,183.274005385327
"1998","48",138,147,144.241281988534,144.241281988534,0.418928836280185,120.378980798577,168.070465723815
"1998","49",147,177,148.315225774232,148.315225774232,0.422313081076756,124.365552757157,172.309337332223
"1998","50",138,147,142.5,133.105125559233,0.421334466200787,109.037905511349,156.840288205564
"1998","51",177,195,186,171.060863039935,0.418958689551136,147.181863686921,194.806027185258
"1998","52",147,177,165.197846015934,165.197846015934,0.419881950563372,141.456128330332,189.09898101204
"1998","53",177,195,187.752469105379,187.752469105379,0.421202922144467,163.87739910881,211.522246037825
"1998","54",177,195,191.530221054229,191.530221054229,0.420625669846762,167.768654749382,215.43982560377
"1998","55",195,NA,202.128373611844,202.128373611844,0.423262455888745,178.064849938615,226.158547002071
"1998","56",195,NA,201.23242060471,201.23242060471,0.423597247104319,177.205357299027,225.243221594101
"1998","57",147,177,155.652328870187,155.652328870187,0.420387052373142,131.961403636726,179.598833200929
"1998","58",147,177,152.653562136347,152.653562136347,0.421158697229306,128.792202792654,176.628984339556
"1998","59",138,147,141.803213007927,141.803213007927,0.423065081534557,117.7907804881,166.057972337566
"1998","60",138,147,143.699533301496,143.699533301496,0.421166199659545,119.978316532524,167.661121154826
"1998","61",147,177,156.835787633834,156.835787633834,0.41783742414371,132.912596767898,180.55256661458
"1998","62",177,195,180.542168954086,180.542168954086,0.421399491597102,156.567475771628,204.47118547483
"1998","63",177,195,189.563839491072,189.563839491072,0.421730667693697,165.638976435768,213.523597578245
"1998","64",147,177,173.981927336565,173.981927336565,0.422656534854271,149.936102579476,197.890530362371
"1998","65",195,NA,203.031368686245,203.031368686245,0.421836655757427,179.103449495188,227.018954247579
"1998","66",195,NA,202.132783845473,202.132783845473,0.422285682575927,178.211476664842,226.295879584803
"1998","67",147,177,154.34799360706,154.34799360706,0.420183891544886,130.472004601439,178.148979270109
"1998","68",147,177,150.834180499335,150.834180499335,0.422768325667274,126.829256946452,174.696516638014
"1998","69",138,147,140.523881088483,140.523881088483,0.418820728703716,116.650014866398,164.354688740728
"1998","70",138,147,138.195771975283,138.195771975283,0.418826756205255,114.031102421474,162.087021431878
"1998","71",147,177,157.63669956195,157.63669956195,0.422935206777524,133.69880586955,181.706927301675
"1998","72",177,195,186,172.635228782176,0.419937724011943,148.743303369977,196.544384379663
"1998","73",177,195,184.389984184957,184.389984184957,0.422444051362419,160.394096958071,208.226358362155
"1998","74",195,NA,195,193.831202169983,0.419768936221968,169.948485061477,217.694324604276
"1998","75",177,195,189.541340130961,189.541340130961,0.422725768749287,165.753231000635,213.77163642535
"1998","76",195,NA,195,191.753056915437,0.423271639668948,167.89993528219,216.197607844059
"1998","77",147,177,165.277164706776,165.277164706776,0.421694428824277,141.268591105775,189.239779393006
"1998","79",147,177,149.440103495321,149.440103495321,0.422827532275366,125.38399176612,173.522125899017
"1998","80",147,177,148.951942255406,148.951942255406,0.423218581815639,125.028405973791,173.097060073344
"1998","801",147,177,162,144.019913468752,0.420678257939272,119.930272019911,167.885055542547
"1999","1",152,175,163.5,181.67878914338,0.422806228049652,157.635507669104,205.62279403954
"1999","2",175,181,180.478606094026,180.478606094026,0.418015514253504,156.66178466806,204.200302106385
"1999","3",175,181,178.668690287175,178.668690287175,0.41940566481468,154.916296603871,202.456445118622
"1999","4",175,181,178,174.95636743606,0.416923710840916,151.362599378698,198.664319850077
"1999","5",175,181,176.363991650165,176.363991650165,0.41876890745004,152.484572658088,200.080835254842
"1999","6",181,193,187,175.102918670896,0.420433739673751,151.12064472793,199.084367310981
"1999","7",152,175,156.802011229779,156.802011229779,0.42056444721726,132.928432109835,180.595950120584
"1999","8",152,175,154.738735862536,154.738735862536,0.419162144301871,131.005745254586,178.486331754132
"1999","9",152,175,152.85392952498,152.85392952498,0.41989557173566,129.081439209694,176.777753344615
"1999","10",132,152,142,127.310962527313,0.420741964740879,103.349488709314,151.230546169188
"1999","11",175,181,178,184.534772233535,0.421336737280634,160.314755848411,208.341006463951
"1999","12",175,181,178,181.202126537151,0.422283995716632,156.985790553257,205.212495018938
"1999","13",181,193,191.208675597689,191.208675597689,0.423222059591803,167.344213416119,215.294462573876
"1999","14",181,193,187,180.914589030065,0.420125451371068,156.767765289689,204.484009823712
"1999","15",181,193,187,176.576027517979,0.418871113805684,152.932130449374,200.330490211731
"1999","16",152,175,168.456796868827,168.456796868827,0.421532022008986,144.3365533859,192.424611304367
"1999","17",152,175,159.11635525882,159.11635525882,0.418567961773484,135.313034844115,183.083964843112
"1999","18",132,152,142.896034893781,142.896034893781,0.422944461726828,119.005249434319,167.019256655149
"1999","19",132,152,139.716794398165,139.716794398165,0.420322804196718,115.90789274004,163.558259491498
"1999","20",132,152,142,129.715958239439,0.421047470361412,105.934654774563,153.389512203777
"1999","21",175,181,178,185.147804992717,0.418702612475063,161.152571684773,208.794708713786
"1999","22",175,181,178,183.494870564001,0.421004141730388,159.479839530171,207.515280451811
"1999","23",181,193,190.8360207653,190.8360207653,0.422248979751713,166.804575464137,214.648435162207
"1999","24",181,193,190.242149833006,190.242149833006,0.419619707709214,166.275327348341,214.158745693507
"1999","25",152,175,174.47384179277,174.47384179277,0.41935828374315,150.81637196234,198.154724096975
"1999","26",152,175,159.34275933162,159.34275933162,0.42057224502089,135.567311850467,183.324340929916
"1999","27",152,175,163.795061580003,163.795061580003,0.417894205644304,139.943771049026,187.468500862647
"1999","28",152,175,167.093191289413,167.093191289413,0.420518068291214,143.122490133728,190.928634749989
"1999","29",132,152,138.908141550547,138.908141550547,0.419317214995802,115.132687896562,162.807939936207
"1999","30",132,152,133.365887205139,133.365887205139,0.421858297610134,109.283676169213,157.461883761047
"1999","31",152,175,163.5,181.511202604257,0.420363528858168,157.868877039671,205.481553592009
"1999","32",175,181,178,183.35091695643,0.420811797911336,159.514774755009,207.356680505044
"1999","33",181,193,188.460187699197,188.460187699197,0.422247123604941,164.401253451987,212.561436369068
"1999","34",181,193,190.055379495314,190.055379495314,0.419884306448576,166.348633499958,214.042756889582
"1999","35",181,193,188.311626414443,188.311626414443,0.418542455138495,164.567703458863,211.902555328751
"1999","36",152,175,163.33623741918,163.33623741918,0.421454244598586,139.394581485029,187.324826882384
"1999","37",175,181,178,164.038541558997,0.419470466454304,140.419564799156,187.79349330368
"1999","38",152,175,169.351549891117,169.351549891117,0.418635762610476,145.594954554239,192.996481568358
"1999","39",132,152,144.629252812178,144.629252812178,0.420305186512467,120.89088627885,168.600997949482
"1999","40",132,152,132.470882133837,132.470882133837,0.420443727560136,108.713179679848,156.474735255503
"1999","41",152,175,163.5,181.372783005919,0.421880120515056,157.222960342693,205.435874109885
"1999","42",175,181,178,184.732183758527,0.419334076803438,161.013122766978,208.541201150154
"1999","43",181,193,192.228858843057,192.228858843057,0.420101815249705,168.396838729608,216.163016394244
"1999","44",181,193,187,194.054887594364,0.420588675271529,169.984995757601,217.827877872391
"1999","45",193,NA,197.628875269808,197.628875269808,0.419227613417807,173.809713309915,221.3978800622
"1999","46",181,193,187.38418458601,187.38418458601,0.421573392175005,163.462713465155,211.525814311491
"1999","47",152,175,164.041845023768,164.041845023768,0.41988996984306,140.443259378187,187.936653550997
"1999","48",132,152,148.712083478411,148.712083478411,0.421454626106964,124.790168449306,172.612616022017
"1999","49",152,175,152.898014590544,152.898014590544,0.421775300566929,129.043203245102,176.742977464521
"1999","50",132,152,137.727666660401,137.727666660401,0.420601841143463,114.110489942626,161.711358398773
"1999","51",152,175,163.5,175.543976522875,0.417978106944441,151.659154753078,199.254960877696
"1999","52",152,175,169.755849219514,169.755849219514,0.419804476552845,145.914115884453,193.66887143473
"1999","53",181,193,192.257744951841,192.257744951841,0.420429569796964,168.316929362467,216.054826439372
"1999","54",181,193,187,196.054886905229,0.420540532368053,172.094349390049,220.059990381817
"1999","55",193,NA,206.654952887058,206.654952887058,0.423006056954922,182.516690550405,230.650885155351
"1999","56",193,NA,205.792187905609,205.792187905609,0.422962616925589,181.851621076503,230.188526798821
"1999","57",152,175,160.088970563078,160.088970563078,0.420681572308755,136.19543237165,184.058695294201
"1999","58",152,175,157.075147051488,157.075147051488,0.420490514175275,133.125589054412,180.887237991069
"1999","59",152,175,163.5,146.260812754958,0.419471517264281,122.454032480439,170.042419515074
"1999","60",152,175,163.5,148.124824605183,0.41947325399068,124.388492588328,172.013978365235
"1999","61",152,175,161.306013194918,161.306013194918,0.418880896278856,137.293065112932,184.911782631718
"1999","62",175,181,178,185.135639920287,0.421616762192585,160.998860963519,208.980162014639
"1999","63",181,193,187,194.247683343567,0.421782574311657,170.418852931544,218.236613350558
"1999","64",175,181,178.569561357699,178.569561357699,0.419457688629534,154.664804788153,202.245347549288
"1999","65",193,NA,207.742984857455,207.742984857455,0.422166536726238,183.6349727923,231.707420612581
"1999","66",181,193,187,206.690182471755,0.423221125672158,182.670328832249,230.65291658318
"1999","67",152,175,158.729865293716,158.729865293716,0.42224003848509,134.674468805955,182.751497205671
"1999","68",152,175,155.376205704806,155.376205704806,0.41857335064378,131.556174915358,179.16730476484
"1999","69",132,152,144.988702902285,144.988702902285,0.421346853725441,121.273991760397,169.085042870771
"1999","70",132,152,142.573308809314,142.573308809314,0.420164182096473,118.592351519284,166.481536647463
"1999","71",152,175,162.09895849516,162.09895849516,0.421142873099921,138.218762829103,186.016421732748
"1999","72",152,175,163.5,177.091106492274,0.419597406812098,153.271930303187,201.007917511411
"1999","73",175,181,178,188.757289278811,0.419827750088685,164.844086757627,212.565641536632
"1999","74",181,193,187,198.34670634977,0.419739070316671,174.306827546293,221.927326705585
"1999","75",181,193,187,194.137859413516,0.419926703085928,170.379533478218,217.985876384637
"1999","76",152,175,163.5,196.221670010367,0.422487166527568,172.033643529868,220.209879151795
"1999","77",152,175,169.881694162898,169.881694162898,0.419223535612085,146.017268798258,193.721697949075
"1999","78",132,152,147.122418388725,147.122418388725,0.420257034576414,123.39770629829,171.2587750303
"1999","79",152,175,153.867623722719,153.867623722719,0.421198949196343,130.013043012234,177.734545692401
"1999","80",152,175,153.67931937957,153.67931937957,0.42030158726952,129.745440572744,177.453726073819
"1999","101",132,152,142,125.253547910701,0.421049919532955,101.411933413972,149.016394349459
"1999","201",132,152,142,124.059611140427,0.42310900012041,100.066806174394,148.175310033658
"1999","301",132,152,142,130.051118776277,0.419231422440122,106.282888055724,153.927624471331
"1999","401",132,152,132.685334018024,132.685334018024,0.420947276511466,108.832701905371,156.646612549349
"1999","501",132,152,134.069422588717,134.069422588717,0.421564587514292,109.977942190748,158.047301159639
"1999","601",132,152,132.674267221581,132.674267221581,0.41939852924765,108.697746129529,156.34936183103
"1999","701",132,152,133.358696014782,133.358696014782,0.421650926204201,109.393052961342,157.350102593036
"1999","801",152,175,163.5,148.652563935373,0.420657635248978,125.013160762414,172.664632544082
"2000","1",161,192,176.5,159.367371502461,0.4189769827276,135.499682227806,183.151135742444
"2000","2",161,192,176.5,158.34469671064,0.42047982382199,134.452528796004,182.137180474191
"2000","3",161,192,176.5,156.39089168014,0.420576128998397,132.580659139999,180.441375189428
"2000","4",161,192,176.5,152.757296585472,0.418748968026268,128.940588673341,176.50178647383
"2000","5",161,192,176.5,154.042266380168,0.421401742643965,130.041385593409,177.898220455296
"2000","6",151,161,152.93737989054,152.93737989054,0.419951943954247,129.335056818533,176.699506582368
"2000","7",133,151,134.436789915198,134.436789915198,0.423603293056109,110.186510851527,158.201848444042
"2000","8",133,151,142,132.429912071843,0.420270805076522,108.276993225175,156.353804805696
"2000","9",133,151,142,130.593343662654,0.419426109674628,106.974462172219,154.492246373904
"2000","11",161,192,162.16926922752,162.16926922752,0.417991748634883,138.252382320239,185.878254390613
"2000","12",161,192,176.5,159.118759923134,0.42150063115901,135.274946165929,183.044549244364
"2000","13",161,192,168.98379221662,168.98379221662,0.421698124250491,144.805921482442,192.964847410273
"2000","14",161,192,176.5,158.504014942775,0.420122784994303,134.680946929693,182.470842818518
"2000","15",151,161,154.23463591008,154.23463591008,0.420548574627194,130.422841275641,178.086734355155
"2000","16",133,151,146.197205272415,146.197205272415,0.41777458010044,122.280979894037,169.941239899117
"2000","17",133,151,136.950757099553,136.950757099553,0.420376532727415,113.039941109103,160.932403673176
"2000","18",75,105,90,120.672270967886,0.421561744050897,96.7611734056898,144.513510304011
"2000","19",75,105,90,117.394356495552,0.42065557220326,93.5170920874587,141.274094477383
"2000","21",161,192,162.738486327956,162.738486327956,0.421376318701761,138.829465860535,186.606225605254
"2000","22",161,192,161.300442516764,161.300442516764,0.42186604616265,137.234381300342,185.380140025005
"2000","23",161,192,168.61878505674,168.61878505674,0.422885760779655,144.743656328872,192.878831195342
"2000","24",161,192,167.962921915196,167.962921915196,0.419922934968213,144.262009033109,191.899342801066
"2000","25",151,161,152.164973666488,152.164973666488,0.419229520268407,128.378468295971,176.077192016931
"2000","26",133,151,136.954521967308,136.954521967308,0.421465437170304,113.121519631525,160.916113927997
"2000","27",133,151,141.429344596155,141.429344596155,0.422122295193037,117.571976795175,165.444786009862
"2000","28",133,151,144.698576692995,144.698576692995,0.421638040789453,120.639978880282,168.84080648707
"2000","29",75,105,90,116.559307886777,0.42224649422993,92.6054142782699,140.330215157661
"2000","30",75,105,90,111.045329307466,0.4198695067376,87.1508419471487,135.021024780792
"2000","31",161,192,176.5,159.243371798958,0.423538983761735,135.168537164572,183.342586759442
"2000","32",161,192,176.5,160.902559055895,0.419064324613482,137.216664675073,184.715548833234
"2000","33",161,192,166.044903276601,166.044903276601,0.419228061806599,142.089328163664,189.883808524568
"2000","34",161,192,167.814341696203,167.814341696203,0.421727451426669,143.891977202728,191.875212619841
"2000","35",161,192,165.867057533969,165.867057533969,0.421357994545861,141.946888883115,189.804271097689
"2000","36",133,151,141.076480128657,141.076480128657,0.421509911230736,117.06263572586,165.155656591068
"2000","37",133,151,141.636465001745,141.636465001745,0.419434887661046,117.56101086147,165.406221683347
"2000","38",151,161,156,147.139799386881,0.421916383889324,123.202147754997,170.905760729389
"2000","39",133,151,142,122.253295845447,0.419944099258404,98.5964092816726,146.10472334545
"2000","40",75,105,90,109.90426548495,0.419650324789608,86.129987456569,133.721460072448
"2000","41",161,192,176.5,159.136368055953,0.421352158506608,135.105793680974,182.916703864221
"2000","42",161,192,162.313011466049,162.313011466049,0.420370016674545,138.365606770391,186.274447022759
"2000","43",161,192,169.957966295389,169.957966295389,0.420892878229442,146.092777113674,193.954500064083
"2000","44",161,192,171.792336467045,171.792336467045,0.419048970887656,147.753931048755,195.616754693625
"2000","45",161,192,175.49582207338,175.49582207338,0.422204270053405,151.598055502894,199.551795854322
"2000","46",161,192,164.959839040236,164.959839040236,0.423387798616779,140.915169972524,189.096537870125
"2000","47",133,151,141.620890879775,141.620890879775,0.421196344886197,117.696210077615,165.579550063397
"2000","48",133,151,142,126.375833939577,0.420800649668211,102.779442175555,150.196823866139
"2000","49",133,151,142,130.409565420973,0.419383736313691,106.672097126739,154.347700447603
"2000","50",75,105,90,115.347301101492,0.421838200513416,91.4356376496025,139.263097850525
"2000","51",133,151,142,153.266146699723,0.420191654373124,129.485824817129,177.363769319223
"2000","52",151,161,156,147.366351473173,0.420925753842016,123.294062084169,171.210506978612
"2000","53",161,192,169.855812580637,169.855812580637,0.421625333734702,145.82175030869,193.8380735677
"2000","54",161,192,173.654526590924,173.654526590924,0.421452307267489,149.603497273906,197.719881615969
"2000","55",192,NA,192,184.311618407822,0.425078654910882,160.126570331977,208.461958881924
"2000","56",192,NA,192,183.489804584132,0.422842376672809,159.329013785699,207.55402219501
"2000","57",133,151,137.75378391026,137.75378391026,0.421629714043772,113.709185606097,161.605553223105
"2000","58",133,151,134.821614607373,134.821614607373,0.420982646577979,110.806818614154,158.781363281676
"2000","59",75,105,90,123.997833231324,0.419211633018818,100.053595608798,147.909366556962
"2000","60",75,105,90,125.84346001009,0.42077778202333,101.948748126519,149.895420520192
"2000","61",124,133,128.5,139.01517141658,0.421893478389716,115.11317957339,163.20973636304
"2000","62",161,192,162.713855078419,162.713855078419,0.418355904976215,138.900892287816,186.440850035755
"2000","63",161,192,171.83249863873,171.83249863873,0.420988929548878,147.967652641949,195.631735413164
"2000","64",161,192,176.5,156.265697017197,0.420120955068792,132.450849874058,180.233571186464
"2000","65",192,NA,192,185.267546035979,0.419565392431732,161.574941650221,209.25184539399
"2000","66",192,NA,192,184.377777393852,0.423219581007763,160.42977383416,208.37582038482
"2000","67",133,151,136.425874961739,136.425874961739,0.422773017851952,112.396885267082,160.419802749635
"2000","68",133,151,142,132.98739424959,0.422593331984808,109.261015680989,157.169916984976
"2000","69",75,105,90,122.773637433047,0.421020535193358,98.7123190973091,146.495097400081
"2000","70",75,105,90,120.460009963198,0.420715478895383,96.3941338144034,144.396577185184
"2000","71",133,151,139.906393330836,139.906393330836,0.419897148808304,115.960783711239,163.703329202647
"2000","72",161,192,176.5,154.862524167004,0.4215372007086,130.976195100568,178.898096556401
"2000","73",161,192,166.529551657122,166.529551657122,0.423949900725291,142.298382111749,190.709393302076
"2000","74",161,192,176.023428347271,176.023428347271,0.422350005086463,152.085187931283,200.133148172754
"2000","75",161,192,171.78268388451,171.78268388451,0.420615104407453,147.911776056657,195.84366497069
"2000","76",161,192,173.919084485016,173.919084485016,0.418158999862448,150.04155476276,197.516731478441
"2000","77",133,151,147.67023271577,147.67023271577,0.420456056554402,123.709313831581,171.439481681118
"2000","78",75,105,90,124.650185834669,0.422689905874941,100.572693537112,148.585544197698
"2000","79",75,105,90,131.676730473759,0.421104210247975,107.842395054592,155.671797903486
"2000","80",75,105,90,131.060907415989,0.419770859456105,107.274112815163,154.951739575887
"2000","501",75,105,90,111.777705262777,0.421389576601,87.9165903036021,135.787499348745
"2000","601",75,105,90,110.564332135102,0.422816243957166,86.63917932784,134.550454564365
"2000","801",75,105,90,126.147158048937,0.422743105438787,102.166251731245,149.941579304212
"2001","1",156,172,165.717663916544,165.717663916544,0.422308301382115,141.842615509927,189.642636671176
"2001","2",156,172,164.642778962645,164.642778962645,0.419571250559778,140.686349047781,188.584064635528
"2001","3",143,156,149.5,162.804062284834,0.423596105220755,138.782094483558,186.883691722576
"2001","4",143,156,149.5,158.917453672262,0.420079175971399,135.053007505668,182.780758281087
"2001","5",156,172,160.493198187464,160.493198187464,0.417681925383445,136.70148132378,184.222742585738
"2001","6",156,172,159.186257973472,159.186257973472,0.418972705268123,135.401557683145,182.864162759528
"2001","7",129,143,140.775050755563,140.775050755563,0.420232324256595,116.64383273777,164.607016402753
"2001","8",129,143,138.725558105386,138.725558105386,0.41958691463436,114.811842571652,162.539663841245
"2001","9",129,143,136.87620608494,136.87620608494,0.422269649079211,112.850360991138,160.811299921964
"2001","10",102,114,111.384637513104,111.384637513104,0.419146061496925,87.7047744883487,135.232891469287
"2001","11",156,172,168.608918641354,168.608918641354,0.422281777592073,144.553347192707,192.586583443227
"2001","12",156,172,165.32568507315,165.32568507315,0.421346612824805,141.374473459314,189.229461589453
"2001","13",156,172,164,175.23902974815,0.421229654763401,151.159675125693,199.081217301393
"2001","14",156,172,164.88170172211,164.88170172211,0.422419178147441,140.719502268588,188.98230248494
"2001","15",156,172,160.521381628776,160.521381628776,0.419240473099862,136.691349237711,184.47439706095
"2001","16",143,156,152.421744688302,152.421744688302,0.42246170678239,128.629172276903,176.529895403649
"2001","17",143,156,143.188792470975,143.188792470975,0.420581857672239,119.183674924588,167.221352050513
"2001","18",114,129,127.064727746807,127.064727746807,0.418051139792312,103.350841204883,150.959901717122
"2001","19",114,129,123.698880189591,123.698880189591,0.422219438275156,99.6305924492154,147.680761880899
"2001","20",102,114,113.740721829312,113.740721829312,0.421793692638283,89.6646016377651,137.610996860456
"2001","21",172,NA,172,169.088621023661,0.418976221442624,145.275012259059,192.729115838648
"2001","22",156,172,167.527964611248,167.527964611248,0.420076964180606,143.72774381267,191.439980342847
"2001","23",172,NA,174.897195537418,174.897195537418,0.422501049037855,151.093153955317,198.887876032706
"2001","24",172,NA,174.281415885138,174.281415885138,0.421627480159551,150.355846767774,198.258140273008
"2001","25",156,172,158.444490799871,158.444490799871,0.422348360441823,134.284744138549,182.359016696
"2001","26",129,143,136,143.278383990394,0.419878120418471,119.495726882477,167.042303214621
"2001","27",143,156,147.837636327549,147.837636327549,0.42029890897958,124.120625381171,171.736108941839
"2001","28",143,156,151.148735178041,151.148735178041,0.421488420063689,127.082604510853,174.920936375109
"2001","29",129,143,136,122.981660545345,0.423591310811235,98.8254788705719,147.078225174473
"2001","30",102,114,108,117.430798447281,0.421655068099624,93.4843905687411,141.421423688994
"2001","31",156,172,165.606492633861,165.606492633861,0.419598077180092,141.870501556806,189.491622604743
"2001","32",156,172,167.355716137433,167.355716137433,0.421318408594909,143.345457098957,191.342240914327
"2001","33",172,NA,172.448895331352,172.448895331352,0.420237047044826,148.583695074062,196.317349249641
"2001","34",172,NA,174.085394190828,174.085394190828,0.420274952500894,150.276622226837,197.979153882648
"2001","35",172,NA,172.36416598456,172.36416598456,0.42129931037093,148.407548261657,196.301412193881
"2001","36",143,156,147.472836599328,147.472836599328,0.418603128956744,123.81230339693,171.351242286744
"2001","37",143,156,148.048193231923,148.048193231923,0.421301953286711,123.995445854539,171.939561002202
"2001","38",156,172,164,153.404897774779,0.419162557249284,129.40119340328,177.095924527852
"2001","39",114,129,128.648985230824,128.648985230824,0.418693934645888,104.748336469805,152.428711874782
"2001","40",114,129,116.459140076199,116.459140076199,0.419483067904288,92.5334274672521,140.575056138735
"2001","41",156,172,165.320322715943,165.320322715943,0.418962019247705,141.654061153102,189.200113733888
"2001","42",156,172,168.689270991244,168.689270991244,0.422785086286781,144.84064299147,192.673852363226
"2001","43",172,NA,176.150818859698,176.150818859698,0.423045208572956,152.106735648307,200.250600304853
"2001","44",172,NA,178.158570790362,178.158570790362,0.421052671767809,154.081598468825,202.265861597585
"2001","45",172,NA,181.877666150259,181.877666150259,0.422923633087723,157.862942778083,205.972561499858
"2001","46",156,172,171.418163917056,171.418163917056,0.422445148325569,147.470702181405,195.49022380016
"2001","47",143,156,147.961373277135,147.961373277135,0.419288250974253,124.265613136624,171.922948018054
"2001","48",114,129,121.5,132.626359446025,0.42175647462177,108.512224418545,156.55239992537
"2001","49",129,143,136.849195962337,136.849195962337,0.418575470126124,113.106713304941,160.714603210951
"2001","50",114,129,121.684379257198,121.684379257198,0.420461054048267,97.4388671838588,145.375201040558
"2001","51",156,172,159.568401705298,159.568401705298,0.418960138798451,135.688719340794,183.532786703216
"2001","52",143,156,153.759868239075,153.759868239075,0.419951422885755,129.832245278098,177.56940560731
"2001","53",172,NA,176.216222831527,176.216222831527,0.420903425581069,152.190410231824,200.164746027771
"2001","54",172,NA,179.947657038425,179.947657038425,0.422643224499455,155.95801242918,204.078842290695
"2001","55",172,NA,190.634172234626,190.634172234626,0.424268379505593,166.607408930726,214.578495212098
"2001","56",172,NA,189.830110640762,189.830110640762,0.426205166564385,165.46373115858,214.188620705816
"2001","57",129,143,136,144.149960196405,0.419137761681139,120.623012819969,167.91241924812
"2001","58",129,143,141.281671211775,141.281671211775,0.420652476058915,117.268935218371,165.242965741189
"2001","59",114,129,121.5,130.399904641131,0.418260115143853,106.594025709908,154.224069982238
"2001","60",129,143,132.142142531837,132.142142531837,0.423074822715556,108.103744868554,156.309100989468
"2001","61",143,156,145.45232552877,145.45232552877,0.42014504029275,121.520647432525,169.337767021088
"2001","62",156,172,169.11512865311,169.11512865311,0.420255137206839,145.397459510922,192.963592188861
"2001","63",172,NA,178.102404188124,178.102404188124,0.421675600028818,154.018956339228,202.068023345377
"2001","64",156,172,162.503261448118,162.503261448118,0.419465320699398,138.908515420016,186.408668281432
"2001","65",172,NA,191.616433846883,191.616433846883,0.426763775018533,167.329127501329,215.733965475977
"2001","66",172,NA,190.701788021082,190.701788021082,0.424423184691766,166.611170828815,214.833097496313
"2001","67",129,143,142.879759067234,142.879759067234,0.420404400954331,119.135304303654,166.70910400781
"2001","68",129,143,139.495983569062,139.495983569062,0.42147303692227,115.408517783366,163.470893952064
"2001","69",129,143,136,128.999693867981,0.419314311854556,105.2714643252,153.073712643459
"2001","70",114,129,126.701240795014,126.701240795014,0.422925211374395,102.700115942029,150.84593017988
"2001","71",129,143,136,146.258599361223,0.4183252129216,122.274865615835,169.939660931887
"2001","72",156,172,161.17356088411,161.17356088411,0.422258784244398,137.317223298843,185.101342209838
"2001","73",156,172,164,172.765477552451,0.421597577097123,148.929644396887,196.949883418255
"2001","74",172,NA,182.450126491011,182.450126491011,0.422014672746394,158.263139079167,206.430250920578
"2001","75",172,NA,178.152634179132,178.152634179132,0.419900085517794,154.389278545437,201.92747986348
"2001","76",172,NA,180.399523900584,180.399523900584,0.422018457714695,156.521830468946,204.317874489323
"2001","77",143,156,153.852364652511,153.852364652511,0.420886265185739,130.05806178155,177.639982196067
"2001","78",114,129,121.5,130.964880138575,0.419126439667528,107.007813721322,154.998435114614
"2001","79",129,143,137.939020773863,137.939020773863,0.42213088116482,113.834756471095,161.781166230075
"2001","80",129,143,137.546482613971,137.546482613971,0.417879295276383,113.913350155892,161.291007092612
"2001","101",102,114,109.266438555573,109.266438555573,0.41938921519309,85.4185945836812,133.090740294912
"2001","201",102,114,108.002554502733,108.002554502733,0.419905195861733,84.1396717747642,131.957470532605
"2001","301",102,114,108,114.12921175041,0.422462987556732,90.0855348318637,138.147708264658
"2001","401",102,114,108,116.78717979902,0.423136886154737,92.4622748911372,140.733857158934
"2001","501",114,129,118.059733093195,118.059733093195,0.421417676614537,94.0303134701433,141.955058042432
"2001","601",114,129,116.920145062727,116.920145062727,0.420071696837593,92.9758358960456,140.917250530907
"2001","701",114,129,117.36290220398,117.36290220398,0.424714860583869,93.381118922029,141.585993905948
"2001","801",129,143,132.575278607209,132.575278607209,0.420967602365542,108.527009960039,156.614286557172
"2002","1",148,162,155,135.412326327042,0.419364436535763,111.57003394867,159.382608804537
"2002","2",84,105,94.5,134.281635059822,0.422621018587276,110.171126371796,157.911686003295
"2002","3",84,105,94.5,132.301237167476,0.421074199376593,108.488782015218,156.423330740838
"2002","4",84,105,94.5,128.747286820126,0.419189589604495,105.000066825772,152.725917957477
"2002","5",84,105,94.5,130.081223531546,0.418752259117595,106.680522293931,153.870600618179
"2002","6",84,105,94.5,128.807826465082,0.422964252098686,104.79647848765,152.99795506442
"2002","7",122,135,128.5,110.36207462767,0.422719658308964,86.2406708196802,134.341776834623
"2002","8",84,105,94.5,108.421967552167,0.421017861215901,84.4639506542355,132.427234164657
"2002","9",84,105,94.5,106.582901588998,0.422945193869116,82.4069243656325,130.546938348685
"2002","10",84,105,94.5,81.0182469925338,0.420097795126292,57.0456585382025,104.791158865381
"2002","11",148,162,155,138.197129647916,0.421670204896078,114.427179982819,162.312885574711
"2002","12",84,105,94.5,135.045046630899,0.419579871095782,111.41303501085,159.024710740366
"2002","13",148,162,155,144.916844394723,0.42048869594621,121.07768703879,169.058820601912
"2002","14",84,105,94.5,134.620266074451,0.420601346134793,110.468168598097,158.299848919655
"2002","15",99,122,110.5,130.282331622889,0.42060848765334,106.484274729259,154.050552642441
"2002","16",84,105,94.5,122.107450767125,0.4187441292886,98.3485973044359,145.74112210871
"2002","17",122,135,128.5,112.895793739561,0.418029529630902,89.0850253767838,136.564183384146
"2002","18",84,105,96.6291257305644,96.6291257305644,0.418986218288084,72.7474672266591,120.472960447632
"2002","19",84,105,93.4087716099398,93.4087716099398,0.420029665617898,69.6134285284788,117.210583670186
"2002","20",84,105,94.5,83.3632598421322,0.420371285620895,59.1948714174122,107.14614670333
"2002","21",122,135,128.5,138.825858689271,0.421391710702005,114.830235763344,162.585655590383
"2002","22",122,135,128.5,137.282048628079,0.421956782528741,113.285497185243,161.329873548712
"2002","23",148,162,155,144.556775420253,0.421865430020839,120.411513697764,168.663831517519
"2002","24",148,162,155,143.820537152721,0.418920579533762,120.108417988238,167.643229739712
"2002","25",84,105,94.5,128.125437381818,0.42105081146833,104.137082897016,151.822878310491
"2002","26",84,105,94.5,113.053387435587,0.419277837462942,89.134546372716,136.725079655564
"2002","27",148,162,155,117.530081169161,0.423756287246402,93.3525985268023,141.489597793984
"2002","28",135,148,141.5,120.739836219016,0.421090733625029,96.8152312235756,144.599245526815
"2002","29",84,105,92.510169025014,92.510169025014,0.419412375126872,68.7024046770813,116.284134684146
"2002","30",84,105,87.068247052519,87.068247052519,0.421205858421687,63.1795535679038,111.265843257678
"2002","31",84,105,94.5,135.218088207007,0.42182716768236,111.363188796054,159.358738118934
"2002","32",99,122,110.5,136.971745849951,0.420760712300058,112.915300139944,160.797375811479
"2002","33",135,148,142.051179000948,142.051179000948,0.420456246575245,117.925111981427,165.636577930959
"2002","34",148,162,155,143.668099845213,0.419935728202617,119.740763065898,167.535597921195
"2002","35",148,162,155,141.979441157918,0.421018073217184,118.020508348577,165.674568909628
"2002","36",84,105,94.5,117.080065900472,0.422327205574824,92.9102272707268,141.008676799105
"2002","37",148,162,155,117.616796765698,0.417312528761256,93.8483768046364,141.463078079802
"2002","38",162,NA,162,123.194846077149,0.417864329970274,99.2741750174494,146.969961450271
"2002","39",84,105,98.3242513003036,98.3242513003036,0.421027536296382,74.2478089076894,122.298966385581
"2002","40",84,105,86.0669938724102,86.0669938724102,0.421118992797919,62.1164362129014,110.010247880593
"2002","41",84,105,94.5,134.983253465678,0.422627135233866,111.026716639038,159.069981401489
"2002","42",122,135,128.5,138.411029235454,0.419250492958348,114.6604090118,162.372715787066
"2002","43",148,162,155,145.808702949908,0.421071617262519,121.819027057427,169.637013442292
"2002","44",148,162,155,147.728915321451,0.418023990154101,124.094887947398,171.461644037245
"2002","45",148,162,151.42235629086,151.42235629086,0.424767994335372,127.161748275825,175.353362201981
"2002","46",148,162,155,140.975002233962,0.419998722081102,117.069950465522,164.920137179351
"2002","47",122,135,128.5,117.721038415555,0.420061074372263,93.8917223134885,141.631370808259
"2002","48",84,105,102.299647651866,102.299647651866,0.419211742062901,78.2599960733428,126.170592248844
"2002","49",84,105,94.5,106.390643886489,0.421449258671828,82.4289845598755,130.266818426571
"2002","50",84,105,91.3441650014402,91.3441650014402,0.422470510486069,67.3409969191662,115.169732040916
"2002","51",148,162,155,129.325907144208,0.420199531852171,105.473758029322,153.298656365828
"2002","52",84,105,94.5,123.434676635778,0.420427517933474,99.426751160375,147.309886052562
"2002","53",148,162,155,145.911510329728,0.421396858479758,122.024494291754,169.855811178446
"2002","54",148,162,149.69989831596,149.69989831596,0.42433686628082,125.70917068992,173.67024870876
"2002","55",162,NA,162,160.41228255293,0.425085667049717,136.218336124638,184.520447755241
"2002","56",162,NA,162,159.447578259945,0.421236984601486,135.599481501842,183.20803238715
"2002","57",84,105,94.5,113.729815939483,0.420913165873621,89.8254793133146,137.527995157376
"2002","58",84,105,94.5,110.926653918719,0.419475452987851,87.2642998110624,134.800969335817
"2002","59",84,105,99.8488478128631,99.8488478128631,0.422680157002657,75.8392406391883,123.728693418564
"2002","60",84,105,101.910791461248,101.910791461248,0.419032382342177,78.1741002313826,125.658503490593
"2002","61",148,162,155,115.080906372618,0.419511079821053,91.3011449126032,138.823184329832
"2002","62",148,162,155,138.648794637853,0.4194600642125,114.769817019784,162.430789348756
"2002","63",148,162,155,147.71297082687,0.417399504168785,123.952298283673,171.397754095039
"2002","64",122,135,132.239086746452,132.239086746452,0.418117431274648,108.562115766295,155.699079209981
"2002","65",162,NA,162,161.274976112528,0.424168967210846,136.890952772037,185.324070223724
"2002","66",162,NA,162,160.337999847273,0.421650869415318,136.27534575342,184.270534888188
"2002","67",84,105,94.5,112.420273145832,0.420682983256547,88.3736149543693,135.875935363273
"2002","68",84,105,94.5,108.99336298665,0.422636411077329,84.8152474827638,133.044195799113
"2002","69",84,105,98.6407838996545,98.6407838996545,0.420131999280605,75.0379987513063,122.624261376057
"2002","70",84,105,96.3167224053902,96.3167224053902,0.421109305154315,72.3855558124099,120.139177266562
"2002","71",148,162,155,115.812918364038,0.4232284560984,91.7159288010338,139.898262274122
"2002","72",148,162,155,130.829428625083,0.42097101380105,106.639919337123,154.674246879274
"2002","73",148,162,155,142.410678365156,0.422296337046672,118.451828938104,166.552880366718
"2002","74",148,162,152.074587107943,152.074587107943,0.420001739535591,128.185102860089,175.97241047646
"2002","75",148,162,155,147.739740550831,0.422703240657111,123.782777770088,171.779758005892
"2002","76",148,162,150.06331413995,150.06331413995,0.420767018733804,126.240267494392,173.983253848626
"2002","77",84,105,94.5,123.562943228613,0.417833969465906,99.7425792552115,147.263722159227
"2002","78",84,105,100.824590383702,100.824590383702,0.41749935249136,77.1824916579294,124.576791102144
"2002","79",84,105,94.5,107.646734628673,0.420340757523576,83.8506278521739,131.581589642018
"2002","80",84,105,94.5,107.259794888956,0.422326196482311,83.1586555992762,131.203130578955
"2002","101",84,105,94.5,79.0135189128064,0.421281038676659,55.1052502451626,103.019845519499
"2002","201",84,105,94.5,77.7741922923633,0.420561544646202,53.7491251487357,101.632773088254
"2002","301",84,105,94.5,83.5909793901171,0.420991590482123,59.7235621789267,107.496758485747
"2002","401",84,105,86.3211434700031,86.3211434700031,0.417808101241334,62.4620554749378,109.942832089902
"2002","501",84,105,87.6830861472709,87.6830861472709,0.419503899486217,63.9419750089899,111.529107514853
"2002","601",84,105,86.4741817809278,86.4741817809278,0.420800860155036,62.4926492912129,110.294871204132
"2002","701",84,105,87.024715228112,87.024715228112,0.422037484753732,62.8943721650341,110.911912146255
"2002","801",84,105,102.240906639967,102.240906639967,0.419907993367345,78.4386207590632,126.094277704133
"2003","1",174,NA,174,171.55238015772,0.42255536300153,147.492130034392,195.500433054414
"2003","2",174,NA,174,170.503644843151,0.420755792003286,146.57370668996,194.377905999001
"2003","3",174,NA,174,168.564918100586,0.420797420837928,144.464704108998,192.62728606995
"2003","4",160,174,164.712328067923,164.712328067923,0.418514442753037,140.807950484695,188.411443751056
"2003","5",160,174,166.314937242005,166.314937242005,0.420721815194761,142.546867991307,190.206603696447
"2003","6",160,174,164.948426062507,164.948426062507,0.419977744259717,140.982973784473,188.812838727754
"2003","7",141,160,146.706621184318,146.706621184318,0.420379251248411,122.951469980556,170.638756048317
"2003","8",141,160,144.497619750569,144.497619750569,0.422104597488965,120.520474707081,168.383887000655
"2003","9",141,160,142.744726667298,142.744726667298,0.422920221333178,118.688644250514,166.623037995533
"2003","10",75,105,90,117.106877931186,0.419840242791012,93.0613923766642,140.779075947289
"2003","11",174,NA,174.359802790041,174.359802790041,0.418222402277106,150.511601691824,198.048911524778
"2003","12",174,NA,174,171.150300587571,0.421298054883042,147.23303159504,195.038298546288
"2003","13",174,NA,181.110330442789,181.110330442789,0.421301429128292,157.188464196658,205.115320105273
"2003","14",160,174,170.728290881404,170.728290881404,0.420341651032824,146.781845071746,194.522830512341
"2003","15",160,174,166.533489488376,166.533489488376,0.419746502945603,142.647869880729,190.419800365678
"2003","16",141,160,158.258338738576,158.258338738576,0.421439543915963,134.456220406424,182.023006542956
"2003","17",141,160,149.046483584459,149.046483584459,0.41891717228491,125.242079958417,172.679543395664
"2003","18",98,141,132.721662872256,132.721662872256,0.421571376058535,108.864738589985,156.673773703323
"2003","19",98,141,129.485003095459,129.485003095459,0.421604287396866,105.517473381114,153.249189968415
"2003","20",75,105,90,119.611994939864,0.418935808965706,95.5432299402035,143.404457364833
"2003","21",174,NA,174.945682093803,174.945682093803,0.420099955333769,151.16218189779,198.823608830617
"2003","22",174,NA,174,173.318085705395,0.421007937086149,149.445589170242,197.239300402592
"2003","23",174,NA,180.637130865215,180.637130865215,0.415878507990879,156.924151638551,204.262196332113
"2003","24",174,NA,180.05686025931,180.05686025931,0.423323334464753,156.134568594377,204.428759334466
"2003","25",160,174,164.231031143119,164.231031143119,0.420405610424289,140.22746634539,188.400424293695
"2003","26",141,160,149.117054455943,149.117054455943,0.419520397216522,125.282291021584,172.918626779727
"2003","27",141,160,153.69319379922,153.69319379922,0.418992236045652,129.717005383773,177.463399679102
"2003","28",141,160,156.968230405409,156.968230405409,0.420601335330391,133.118753174217,180.911119068375
"2003","29",98,141,128.742695699523,128.742695699523,0.421582432603563,104.806955422179,152.864235083989
"2003","30",75,105,90,123.160798090107,0.4230873808942,99.1880371530903,147.090823624215
"2003","31",174,NA,174,171.549074716332,0.422059716137039,147.616169575713,195.479396862121
"2003","32",174,NA,174,173.010204701458,0.420991076164955,149.032141974139,196.962582462987
"2003","33",174,NA,178.286574209686,178.286574209686,0.420855307996635,154.345629590225,202.299906304388
"2003","34",174,NA,179.891418595504,179.891418595504,0.423339846185754,155.940434405638,203.804326260935
"2003","35",174,NA,178.15241764779,178.15241764779,0.421238442595129,154.104365997708,201.962588995436
"2003","36",141,160,153.11848552447,153.11848552447,0.417249502822047,129.321155691509,176.737777161329
"2003","37",141,160,153.889379117635,153.889379117635,0.41775776924913,130.072369758663,177.587280782049
"2003","38",160,174,167,159.175375173337,0.424054536572164,135.130701347214,183.36982933313
"2003","39",98,141,134.605139392871,134.605139392871,0.422088642393052,110.531290540777,158.452584755355
"2003","40",75,105,90,122.224287865593,0.418873403742807,98.5150154752311,146.095722167452
"2003","41",174,NA,174,171.354116009135,0.423139248432782,147.172237304227,195.279834032023
"2003","42",174,NA,174.573381720202,174.573381720202,0.419201217262059,150.696269837162,198.354752042134
"2003","43",174,NA,182.099862572069,182.099862572069,0.420924085301159,158.200161076141,205.984369057642
"2003","44",174,NA,183.85387152815,183.85387152815,0.419761243603048,159.785569679615,207.620738216447
"2003","45",174,NA,187.532622959294,187.532622959294,0.423510294581238,163.349761712031,211.506303904774
"2003","46",174,NA,177.229363782063,177.229363782063,0.420970322701673,153.408074430225,201.31353502162
"2003","47",141,160,153.761974592577,153.761974592577,0.422801024118006,129.425901961983,177.855988762445
"2003","48",98,141,138.444837749779,138.444837749779,0.421650037947893,114.501235090627,162.476491951475
"2003","49",141,160,142.629247125583,142.629247125583,0.420515453765938,118.686066734149,166.611838832039
"2003","50",75,105,90,127.474480368841,0.419595166244217,103.648556022306,151.249779428273
"2003","51",174,NA,174,165.430864903054,0.418578493088768,141.417696470058,189.211415390659
"2003","52",174,NA,174,159.57027874759,0.421386315916813,135.461425436752,183.454693734167
"2003","53",174,NA,182.08038409889,182.08038409889,0.422201139894772,158.251137744173,206.178452778547
"2003","54",174,NA,185.831190071748,185.831190071748,0.422535099476755,161.891831824597,210.023937094575
"2003","55",174,NA,196.444893548082,196.444893548082,0.423943523078874,172.57254354622,220.835772643508
"2003","56",174,NA,195.639780711436,195.639780711436,0.422530699402453,171.824626218866,219.56549735001
"2003","57",141,160,149.860697167035,149.860697167035,0.42001522082511,126.001455923275,173.395521035759
"2003","58",141,160,147.066478086531,147.066478086531,0.421374904677327,123.178916858431,171.039637993578
"2003","59",75,105,90,136.092372475354,0.426867583288984,111.748838230037,160.343561410381
"2003","60",141,160,150.5,137.952942215061,0.424126441903808,113.829822739423,162.134890539505
"2003","61",160,174,167,151.22248199649,0.417793710332847,127.527158016276,175.040903409902
"2003","62",174,NA,174.828255603922,174.828255603922,0.421775703665142,150.946152930089,198.961013198297
"2003","63",174,NA,183.958714386247,183.958714386247,0.424371617857774,159.96965158537,208.190836424396
"2003","64",174,NA,174,168.285194917528,0.416469599628457,144.440851881506,191.929736203958
"2003","65",174,NA,197.472319282701,197.472319282701,0.42413060844636,173.37018345145,221.606960497349
"2003","66",174,NA,196.450671603457,196.450671603457,0.423921589198504,172.524577941991,220.654056321043
"2003","67",141,160,148.646580981262,148.646580981262,0.419394275534686,124.867884578388,172.661988444584
"2003","68",141,160,145.242208314516,145.242208314516,0.422422117272456,121.315051326428,169.258941709861
"2003","69",98,141,134.753907790317,134.753907790317,0.421573839504633,110.744669672347,158.883316790622
"2003","70",98,141,132.475797119073,132.475797119073,0.418747003321391,108.737437353654,156.383821511005
"2003","71",141,160,151.919377663593,151.919377663593,0.422450863234726,127.686554709786,175.871393348108
"2003","72",174,NA,174,167.016589628146,0.422559527358731,142.830088873974,191.197409299153
"2003","73",174,NA,178.605489047145,178.605489047145,0.421017833620763,154.467572864191,202.347812392903
"2003","74",174,NA,188.324700137687,188.324700137687,0.419327489227288,164.766245745214,212.100741269669
"2003","75",174,NA,183.893869682757,183.893869682757,0.419970684208154,160.087852600734,207.712699147313
"2003","76",174,NA,186.158134924843,186.158134924843,0.421100614204527,162.528765763926,210.123027785354
"2003","77",141,160,159.664997324081,159.664997324081,0.419748139291089,135.983974657142,183.505974432616
"2003","78",75,105,90,136.900312257023,0.420262949253467,112.952819894222,160.843421508278
"2003","79",141,160,143.841634218266,143.841634218266,0.422103867982596,119.981274299486,167.893532181479
"2003","80",141,160,143.411892900688,143.411892900688,0.420027689552076,119.498260989505,167.261902688721
"2003","201",75,105,90,113.73628959372,0.42216097936119,89.5979245890755,137.661219533392
"2003","301",75,105,90,119.783654392846,0.421404985402175,95.8279878823909,143.897132031504
"2003","401",75,105,90,122.577026375846,0.421869654436353,98.4372153241594,146.594608060939
"2003","501",75,105,90,123.903584085809,0.42043360870767,100.086844270099,147.668488841282
"2003","601",75,105,90,122.554547735065,0.424062178375319,98.376690971978,146.733319128835
"2003","701",98,141,123.348159381242,123.348159381242,0.421446599801944,99.7439185497226,147.26683880277
"2003","801",141,160,150.5,138.257167205186,0.420600012874713,114.05556321332,162.037875911812
"2004","1",159,174,170.396926965965,170.396926965965,0.421146297294381,146.582522831784,194.228643863558
"2004","2",159,174,169.335773114162,169.335773114162,0.420383061814318,145.466545016053,193.21781635912
"2004","3",159,174,167.388259398228,167.388259398228,0.420380763981675,143.617519938132,191.595265186187
"2004","4",148,159,153.5,163.68440674916,0.420524931742046,139.941951054174,187.43183975519
"2004","5",159,174,165.142391279436,165.142391279436,0.420270702071887,141.383279033576,189.035293708497
"2004","6",159,174,163.830926808226,163.830926808226,0.419059217457458,140.24214729935,187.745684245848
"2004","7",118,139,128.5,145.456797491808,0.41921505827752,121.795977410513,169.367565715601
"2004","8",139,148,143.471543249766,143.471543249766,0.420526187998126,119.463263362126,167.336650009223
"2004","9",139,148,141.70422261419,141.70422261419,0.419378534217219,117.727386922543,165.819200188841
"2004","10",118,139,128.5,116.162466104227,0.41880040372357,92.4937099252072,139.772172281746
"2004","11",159,174,173.281098834171,173.281098834171,0.419961952540848,149.492681602927,197.16289319752
"2004","12",159,174,170.042659101942,170.042659101942,0.421265035991757,146.079062853288,193.807620080706
"2004","13",174,188,179.950738873326,179.950738873326,0.419480205560998,156.069610262064,204.117850487922
"2004","14",159,174,169.819467677989,169.819467677989,0.418599007128421,145.854322345614,193.452281088416
"2004","15",159,174,165.350261322516,165.350261322516,0.417839773738221,141.581255157174,188.986762854427
"2004","16",148,159,157.14921116964,157.14921116964,0.418783305903804,133.087996723246,181.064496851925
"2004","17",139,148,147.904826015734,147.904826015734,0.419367782189148,124.027964308333,171.578541605734
"2004","18",118,139,131.701175732707,131.701175732707,0.421356991568541,107.777086848291,155.701152880964
"2004","19",118,139,128.460700966491,128.460700966491,0.419904173411802,104.702593994578,152.26551898496
"2004","20",118,139,118.423157296196,118.423157296196,0.420420465621455,94.3484592021054,142.266978575823
"2004","21",159,174,173.813372803269,173.813372803269,0.421366871898392,149.788737801474,197.868685406918
"2004","22",159,174,172.37033315976,172.37033315976,0.420705299254369,148.348842813588,196.300621642541
"2004","23",174,188,179.522869140919,179.522869140919,0.418507037212607,155.822481872545,203.299706285383
"2004","24",174,188,178.845765016957,178.845765016957,0.422119495123682,154.804053643837,202.779935264165
"2004","25",159,174,163.209042985326,163.209042985326,0.418200317118824,139.465836865161,187.019600189042
"2004","26",139,148,143.5,148.111881105477,0.42181711824014,124.266058990443,172.277594385795
"2004","27",139,148,143.5,152.492622956555,0.417767453798036,128.848785905358,176.195281384832
"2004","28",148,159,155.777542842704,155.777542842704,0.420052693232525,131.679346108315,179.62320733075
"2004","29",118,139,127.670266458313,127.670266458313,0.417259240099315,103.773663946969,151.357552473784
"2004","30",118,139,122.249738070979,122.249738070979,0.420990920270226,98.3523490844899,146.183042335192
"2004","31",159,174,170.414558198662,170.414558198662,0.421582183975522,146.563203120787,194.479946640715
"2004","32",159,174,172.0580717817,172.0580717817,0.422043485377953,148.18283671217,196.02929596609
"2004","33",159,174,166.5,177.25221255102,0.422255338463126,153.177198705896,201.133909031352
"2004","34",174,188,178.805398989974,178.805398989974,0.418491623441259,154.952711853793,202.57038766893
"2004","35",174,188,177.019368507635,177.019368507635,0.420216153607465,153.306329062825,200.827552711716
"2004","36",139,148,143.5,152.080871282718,0.420413548725472,128.266124333818,175.920947731618
"2004","37",148,159,152.799994969831,152.799994969831,0.418954493243065,128.785537540432,176.575358239954
"2004","38",174,188,181,158.197400823354,0.422474978494904,134.006155428485,182.151854406832
"2004","39",118,139,133.248734704469,133.248734704469,0.42063594485485,109.430321272984,157.099860706175
"2004","40",118,139,121.191925365807,121.191925365807,0.419716652230562,97.4130350663125,144.840360963993
"2004","41",159,174,170.203550118918,170.203550118918,0.420531560790835,146.160033419835,193.888765783311
"2004","42",159,174,173.517730464141,173.517730464141,0.421595065842813,149.464692157101,197.365539672322
"2004","43",174,188,180.985880428605,180.985880428605,0.422179228926313,156.910022803347,204.985551605202
"2004","44",174,188,182.682846864987,182.682846864987,0.422931728628343,158.59748394023,206.617241903226
"2004","45",174,188,186.438707677389,186.438707677389,0.422529208994098,162.338574710429,210.510765783593
"2004","46",159,174,166.5,176.041410196398,0.423249203656292,151.895189336076,200.034846512771
"2004","47",148,159,152.810843406182,152.810843406182,0.420364191867501,128.733325318184,176.601876940498
"2004","48",118,139,137.423057466485,137.423057466485,0.421829217994374,113.308241557325,161.290191227688
"2004","49",139,148,141.581417761577,141.581417761577,0.420781856567483,117.518640854346,165.345554655796
"2004","50",118,139,126.406472885466,126.406472885466,0.422904609122963,102.385099104218,150.301045031796
"2004","51",159,174,164.309989615262,164.309989615262,0.421729524986265,140.370221303711,188.367395049881
"2004","52",139,148,143.5,158.544576052886,0.421508554935974,134.393191444466,182.516174851137
"2004","53",174,188,181.005604239508,181.005604239508,0.421882917902179,156.96372581788,204.889750150782
"2004","54",188,NA,188,184.796368417853,0.42111297773772,160.772074287411,208.599321159921
"2004","55",188,NA,195.364206120165,195.364206120165,0.42041187161651,171.387905133253,219.168888192627
"2004","56",188,NA,194.6497506172,194.6497506172,0.421225657786312,170.805074748375,218.676749650598
"2004","57",139,148,143.5,148.723723106842,0.423857201606707,124.588716790136,172.693401612207
"2004","58",139,148,145.934182087081,145.934182087081,0.419255709078597,122.066974191585,169.766340361057
"2004","59",139,148,143.5,134.95302056332,0.418652994109991,111.090820976045,158.83097396547
"2004","60",139,148,143.5,136.854143980128,0.420045865842636,113.207545206626,160.842016136608
"2004","61",139,148,143.5,150.140493456488,0.420016678077634,126.159571422765,173.947639504939
"2004","62",159,174,173.785104880871,173.785104880871,0.419834610246214,149.821585332999,197.768296151895
"2004","63",174,188,182.887811053361,182.887811053361,0.421602933191001,159.078590206867,206.885578824352
"2004","64",159,174,167.312065217862,167.312065217862,0.421154441045047,143.293264209598,191.523529104281
"2004","65",188,NA,196.362411222153,196.362411222153,0.422607404692506,172.448361045,220.347564504529
"2004","66",188,NA,195.338593217245,195.338593217245,0.42252013311016,171.278153372832,219.093984899363
"2004","67",139,148,147.578390107165,147.578390107165,0.421017795220062,123.66370782658,171.538661876162
"2004","68",139,148,144.099435739517,144.099435739517,0.419290241118014,120.304683255589,168.014376018399
"2004","69",139,148,143.5,133.790616104783,0.420319919556339,109.974211036267,157.704128902793
"2004","70",139,148,143.5,131.322021534912,0.420806309447675,107.27784108026,155.251998559472
"2004","71",148,159,150.804917653921,150.804917653921,0.419832808684368,127.136290990338,174.797129030744
"2004","72",148,159,153.5,165.913555657385,0.419757258496542,142.04110271867,189.635887093651
"2004","73",159,174,166.5,177.521968673637,0.421473119289554,153.405873382402,201.435433968192
"2004","74",174,188,187.150854615568,187.150854615568,0.421215355778406,163.379437295366,210.94743787534
"2004","75",174,188,182.859171735657,182.859171735657,0.41972367882022,159.193762771376,206.774606632559
"2004","76",188,NA,188,184.979605141802,0.422464464882666,160.863150747689,208.906082851498
"2004","77",148,159,158.659951347433,158.659951347433,0.419901261570126,134.821734892369,182.694328819754
"2004","78",118,139,135.859924195552,135.859924195552,0.420006095077755,112.273250756524,159.896980472914
"2004","79",139,148,142.581759412854,142.581759412854,0.418554665715153,118.979257232891,166.638398929039
"2004","80",139,148,142.21475933854,142.21475933854,0.420808134444235,118.493574928011,166.184818873879
"2004","101",118,139,128.5,114.084241966575,0.420721585359378,90.2926439698154,137.975183796436
"2004","201",118,139,128.5,112.731369301732,0.419550452296891,88.8744883262411,136.489478665569
"2004","301",118,139,118.671077730723,118.671077730723,0.4199502911015,94.9498848938905,142.601657353279
"2004","401",118,139,121.6046224298,121.6046224298,0.41967551928616,97.6486829293505,145.446883113088
"2004","501",118,139,122.872792077363,122.872792077363,0.417405160272538,99.0536907623764,146.503427308909
"2004","601",118,139,121.557369657729,121.557369657729,0.420653259450721,97.7601830604757,145.166160108225
"2004","701",118,139,122.185524520394,122.185524520394,0.418946968682017,98.0331516592588,145.841506412616
"2004","801",139,148,143.5,137.315547159283,0.420778630919931,113.331770382982,161.331826225961
"2005","1",179,192,185.5,176.777984463586,0.421402868652391,152.930684493527,200.843541614752
"2005","2",179,192,185.5,175.682977315072,0.419810551464315,151.696933389001,199.422836759796
"2005","3",165,179,173.645858372344,173.645858372344,0.420928109356562,149.752402059747,197.672577584216
"2005","4",165,179,170.071479758866,170.071479758866,0.416346307883993,146.389424359563,193.890008261297
"2005","5",165,179,171.562918039658,171.562918039658,0.417933754732764,147.729492382221,195.28459934432
"2005","6",165,179,170.247354780692,170.247354780692,0.419813438156956,146.198151228319,194.042796925412
"2005","7",151,165,151.872460160428,151.872460160428,0.420507279219694,128.087148137251,175.941579977551
"2005","8",151,165,158,149.796447932053,0.421424861350541,125.636698783685,173.721926233904
"2005","9",151,165,158,147.91017017745,0.418967843125624,123.859377827487,171.358299330494
"2005","10",75,105,90,122.340461416291,0.421475630111272,98.2865096698211,146.075428275336
"2005","11",179,192,179.648502662277,179.648502662277,0.419269323750737,155.793680185454,203.267645005212
"2005","12",179,192,185.5,176.38453858833,0.418825350801376,152.758301968057,200.189896128473
"2005","13",179,192,186.246671227521,186.246671227521,0.419959871738513,162.338624315223,210.104402977559
"2005","14",179,192,185.5,175.871398385487,0.420751982520293,151.949008170617,199.645831107396
"2005","15",165,179,171.658628215667,171.658628215667,0.420734286501135,147.65608940377,195.626414889334
"2005","16",165,179,172,163.532748068584,0.423431014083388,139.361522867599,187.396341279867
"2005","17",151,165,154.166324270218,154.166324270218,0.422681525584752,130.385890008169,178.2608512759
"2005","18",151,165,158,138.124338838238,0.420150204978352,114.113501569836,162.151710026789
"2005","19",137,151,144,134.838667339664,0.419101705362573,111.126733938959,158.739641592541
"2005","20",75,105,90,124.82103026068,0.418885790646493,101.01623331177,148.671619770024
"2005","21",179,192,180.134657980211,180.134657980211,0.420523049636928,156.221114626514,204.036087374072
"2005","22",179,192,185.5,178.648432587078,0.420835803747826,154.682586830552,202.629282699232
"2005","23",192,200,196,185.915636073023,0.418912974835306,162.304486551377,209.845626997285
"2005","24",179,192,185.311160203472,185.311160203472,0.419946729450179,161.621667962394,209.15297690765
"2005","25",165,179,169.585768856672,169.585768856672,0.418695410464595,145.825798761594,193.453948843493
"2005","26",151,165,154.343159597534,154.343159597534,0.419104882492786,130.360339063244,178.14140749867
"2005","27",165,179,172,158.797679501678,0.420681862175141,135.007138964177,182.881322728402
"2005","28",165,179,172,162.156127934446,0.420273299069081,138.35867843409,186.12231353717
"2005","29",88,105,96.5,133.989492824696,0.421586976221141,109.940343008499,157.861945058804
"2005","30",75,105,90,128.458558723154,0.420075476000423,104.634360392477,152.464274820886
"2005","31",179,192,185.5,176.586478094068,0.421701049835219,152.702707465839,200.542015745639
"2005","32",179,192,185.5,178.358064011271,0.419656763366777,154.394180300213,202.120112128057
"2005","33",179,192,183.520717722198,183.520717722198,0.419622347700947,159.968042342169,207.644938153875
"2005","34",179,192,185.047483881414,185.047483881414,0.420373186002239,161.098114145079,208.985946856292
"2005","35",179,192,183.41125338035,183.41125338035,0.418288830625658,159.787335952062,207.157210873136
"2005","36",151,165,158.458534013513,158.458534013513,0.418346786782647,134.651002034649,182.26508182535
"2005","37",165,179,172,159.152651435342,0.420895834008067,135.517536338944,183.05779305144
"2005","38",165,179,172,164.503353234008,0.421878379189449,140.306254129994,188.3851627049
"2005","39",88,105,96.5,139.651832627538,0.419588960697633,115.674404322793,163.333123749513
"2005","40",75,105,90,127.437387377712,0.418357568397557,103.507679178452,151.147923363954
"2005","41",179,192,185.5,176.464533726872,0.420142902065047,152.348266001551,200.333953320746
"2005","42",179,192,179.858497331531,179.858497331531,0.419735864095656,155.958155255847,203.866544960938
"2005","43",192,200,196,187.242334073093,0.420450108353216,163.456760350777,211.281656019647
"2005","44",179,192,189.098720171906,189.098720171906,0.422836027490558,165.004029657859,213.230189938366
"2005","45",200,NA,200,192.696244969849,0.419942965099602,168.87195708187,216.449378477049
"2005","46",179,192,182.354194205567,182.354194205567,0.420707635203194,158.285483126617,206.290719605913
"2005","47",151,165,159.057584033872,159.057584033872,0.42174302983052,134.940079422527,183.001379492649
"2005","48",137,151,143.715796740313,143.715796740313,0.422192615703386,119.768488827008,167.620009282769
"2005","49",137,151,147.875596039835,147.875596039835,0.4199173575664,124.075588411048,171.676271775031
"2005","50",75,105,90,132.72998063543,0.417405797034681,108.883269933775,156.21829290751
"2005","51",165,179,170.695974256683,170.695974256683,0.420601420170392,146.739898125018,194.448613587199
"2005","52",165,179,172,164.8707812208,0.421487898103061,140.952101119695,188.923666632879
"2005","53",192,200,196,187.216294704644,0.421162811223078,163.147318627515,210.988165006296
"2005","54",192,200,196,190.998485900428,0.422132619065792,167.166254411746,214.697479828906
"2005","55",200,NA,201.674727227044,201.674727227044,0.422361084434697,177.653375660602,225.79624697635
"2005","56",200,NA,200.900210366959,200.900210366959,0.4208398971144,176.732021479794,224.881659428468
"2005","57",151,165,155.194278932051,155.194278932051,0.418849592801334,131.291508459317,179.067744649903
"2005","58",151,165,152.28496980167,152.28496980167,0.42357774525307,128.152802050979,176.358289112783
"2005","59",151,165,158,141.283365746923,0.421958856887841,117.170283470243,165.162031498263
"2005","60",151,165,158,143.166250931716,0.418582180952188,119.571367096513,166.921280315599
"2005","61",151,165,156.464721800311,156.464721800311,0.421462679199047,132.453477392131,180.555593278589
"2005","62",179,192,180.10387858001,180.10387858001,0.419346512610428,156.093891154119,204.083029034473
"2005","63",192,200,196,189.182510946486,0.42131616836005,165.550545472904,213.339028249211
"2005","64",179,192,185.5,173.436153304096,0.419712798894391,149.315652943062,197.149412764553
"2005","65",200,NA,202.647236162688,202.647236162688,0.421633649329451,178.779297357363,226.798402824385
"2005","66",200,NA,201.739051667507,201.739051667507,0.423989083367279,177.712082013695,225.652986631592
"2005","67",151,165,153.821000712178,153.821000712178,0.419818709012735,129.900396169879,177.776363078897
"2005","68",151,165,158,150.419319348011,0.421618010580682,126.326910278051,174.183925607127
"2005","69",151,165,158,140.131348155569,0.418478080031976,116.487481477215,164.00243187848
"2005","70",75,105,90,137.618164019171,0.422472166610934,113.622904732564,161.666796561999
"2005","71",151,165,157.208127994062,157.208127994062,0.420944422636758,133.220405327508,180.969644592202
"2005","72",165,179,172.184675160666,172.184675160666,0.416656605052306,148.507166736158,195.722447827019
"2005","73",179,192,183.799280226371,183.799280226371,0.420184801283082,159.721851517851,207.497664489466
"2005","74",200,NA,200,193.591083118765,0.420753303253209,169.706541516098,217.524071594977
"2005","75",192,200,196,189.137219979495,0.421313839596135,165.28099621177,213.112128700813
"2005","76",192,200,196,191.337641209371,0.422725208806606,167.207394894232,215.426509982818
"2005","77",165,179,172,164.988024358489,0.419174052010285,141.392489750487,188.851325820149
"2005","78",151,165,158,142.04101290924,0.420373601418951,118.228623657278,166.018577639165
"2005","79",151,165,158,149.017043169132,0.419947251972607,125.123399431312,172.886088801183
"2005","80",151,165,158,148.547547821091,0.421192351767532,124.540258903158,172.529657893256
"2005","101",75,105,90,120.316418473248,0.421231583488452,96.7365324414406,144.443568414012
"2005","201",75,105,90,119.107832052316,0.419039544717236,95.4599879430779,142.955815181496
"2005","301",75,105,90,125.002254126286,0.421865860143556,100.961140391815,148.790017949638
"2005","401",75,105,90,127.845583281226,0.417652546346412,104.027808270564,151.499384810984
"2005","501",75,105,90,129.136671662538,0.420531551838295,105.293795945713,153.073432572517
"2005","601",75,105,90,127.844643531774,0.422388767460265,103.784141223461,151.804394914813
"2005","701",75,105,90,128.524152404998,0.421229307611083,104.726634383103,152.578359331812
"2005","801",137,151,143.576710423121,143.576710423121,0.420249041451406,119.682856762371,167.285884284765
"2006","1",157,171,160.503355919209,160.503355919209,0.420955996287175,136.678886725584,184.283987575666
"2006","2",157,171,159.321543650591,159.321543650591,0.420719547034906,135.540265370865,183.159170531517
"2006","3",157,171,157.477182480294,157.477182480294,0.421072293917114,133.911053529533,181.491387899512
"2006","4",157,171,164,153.677819931955,0.420692502209868,129.986341871874,177.714319694064
"2006","5",157,171,164,155.272754971016,0.419217997522341,131.631610376526,179.385043952484
"2006","6",157,171,164,153.941566654722,0.420116697140557,130.058285645835,177.922892954887
"2006","7",117,151,135.602023917544,135.602023917544,0.422186418388714,111.467426623715,159.78868484681
"2006","8",117,151,133.58979759533,133.58979759533,0.421572510111262,109.736694924739,157.507243179937
"2006","9",117,151,131.636946869596,131.636946869596,0.420958129925849,107.696435469929,155.507223503565
"2006","11",157,171,163.424172872696,163.424172872696,0.422137352841488,139.337800859071,187.775605801049
"2006","12",157,171,160.070351565689,160.070351565689,0.420301094785393,136.058381580198,184.036458800394
"2006","13",171,NA,171,170.011612176626,0.420332568585569,146.066564624592,193.942090349095
"2006","14",157,171,159.72921150981,159.72921150981,0.419741102323329,136.066228546092,183.446900138534
"2006","15",157,171,164,155.423564523432,0.420717872350826,131.699748775964,179.319192190452
"2006","16",151,157,154,147.346110037603,0.423790727461662,123.134839808905,171.430575143916
"2006","17",117,151,138.021601710306,138.021601710306,0.420311777495101,114.244616690247,161.82287309837
"2006","18",90,105,97.5,121.752813507492,0.423285185525707,97.9090389754329,146.036357281066
"2006","19",117,151,118.496523072779,118.496523072779,0.419087789365636,94.4371705170195,142.463444684022
"2006","21",157,171,163.893628256013,163.893628256013,0.425737743663274,139.759356533278,188.11429914549
"2006","22",157,171,162.442154440934,162.442154440934,0.421188106317959,138.435498582153,186.273630399672
"2006","23",171,NA,171,169.630398131157,0.422310052953119,145.881287321486,193.713169521985
"2006","24",171,NA,171,168.885572515812,0.419239324552548,145.008747974851,192.63857144427
"2006","25",157,171,164,153.353728773908,0.41948307425497,129.919735198624,177.298856091585
"2006","26",117,151,138.182317018459,138.182317018459,0.421013456577477,114.317989615107,162.207101636568
"2006","27",117,151,142.538348403583,142.538348403583,0.421003873855393,118.785030739884,166.375543559977
"2006","28",151,157,154,146.063923325084,0.420544367936473,122.14501304768,170.151555526802
"2006","29",90,105,97.5,117.632714384734,0.420615434944472,93.8508990148682,141.484787724203
"2006","31",157,171,160.417444000155,160.417444000155,0.420117010773573,136.430385053605,184.261932561376
"2006","32",157,171,162.140978041764,162.140978041764,0.421371132495119,137.976232176553,185.978493535358
"2006","33",171,NA,171,167.206096105186,0.422870756014664,143.201861820409,191.174857832259
"2006","34",171,NA,171,168.794056811006,0.42154447689963,144.791100667279,192.792436324851
"2006","35",171,NA,171,167.257521259646,0.421881774075394,143.310734961057,191.052054502198
"2006","36",117,151,142.218286494479,142.218286494479,0.418973105924118,118.534473645091,165.910159080525
"2006","37",117,151,142.791282363564,142.791282363564,0.419554820533654,119.112290967492,166.811877116967
"2006","38",157,171,164,148.097293769537,0.420539315963154,124.489392978116,172.127604850814
"2006","39",75,105,90,123.455621826795,0.420773409027319,99.472843558481,147.358979263466
"2006","41",157,171,160.151342434837,160.151342434837,0.422589301933727,136.108442741305,183.890752630618
"2006","42",157,171,163.61231915641,163.61231915641,0.419222750083438,139.770844834788,187.328682384041
"2006","43",171,NA,171,170.982720624335,0.421804325705833,146.930752286045,195.069550999675
"2006","44",171,NA,172.778034764463,172.778034764463,0.422100303864457,148.648230937656,196.772585774286
"2006","45",171,NA,176.441112852736,176.441112852736,0.422548320383038,152.468224326773,200.717906023392
"2006","46",157,171,166.066794762345,166.066794762345,0.421429713096159,142.076210220566,189.919449928196
"2006","47",151,157,154,142.822078367766,0.42102324757457,118.959325814868,166.803444402104
"2006","48",117,151,127.374418444455,127.374418444455,0.423914180056197,103.130141447603,151.31909007631
"2006","49",117,151,131.626312912066,131.626312912066,0.418784995889276,107.827149175348,155.576965482114
"2006","50",75,105,90,116.260867991764,0.420673100146771,92.3126308768149,140.194311957624
"2006","51",151,157,154.426001303907,154.426001303907,0.422655641076657,130.261242094892,178.283602013694
"2006","52",117,151,148.475404905072,148.475404905072,0.421655728446715,124.574757986084,172.385960493655
"2006","53",171,NA,171.087755856649,171.087755856649,0.421754311725897,147.082213280965,195.022078252284
"2006","54",171,NA,174.854210666936,174.854210666936,0.422879752697187,150.918501936952,198.767674249953
"2006","55",171,NA,185.466849966676,185.466849966676,0.423448795651163,161.502310279183,209.558942321753
"2006","56",171,NA,184.61986143836,184.61986143836,0.42133143210635,160.588374127493,208.505879953982
"2006","57",117,151,139.015627979956,139.015627979956,0.424538645668144,114.811072357968,163.281314022003
"2006","58",117,151,136.050293702741,136.050293702741,0.421699559623188,112.19652543453,159.771782949029
"2006","59",117,151,125.073800874097,125.073800874097,0.421424253543691,101.082286326858,148.715523847184
"2006","60",117,151,126.886126065056,126.886126065056,0.419492418837365,103.081458898626,150.834519689115
"2006","61",117,151,140.19966864715,140.19966864715,0.420919027271786,116.055056605266,164.183620081477
"2006","62",157,171,163.807780178688,163.807780178688,0.4194288804664,140.036465682183,187.554844062399
"2006","63",171,NA,172.983594191729,172.983594191729,0.421826485120944,148.824298604031,196.815918621744
"2006","64",157,171,157.32195771029,157.32195771029,0.420802780852563,133.393905955372,181.291906812799
"2006","65",171,NA,186.379381128985,186.379381128985,0.424907432459181,162.228215646038,210.455155017276
"2006","66",171,NA,185.407252267625,185.407252267625,0.420950547567829,161.337942203982,209.199308767537
"2006","67",117,151,137.715870301183,137.715870301183,0.422266033793709,113.753424396444,161.503102746318
"2006","68",101,117,109,134.293798848014,0.422319933103761,110.151871226615,158.115907620003
"2006","69",101,117,109,123.736237033765,0.421595049770277,99.6690504232194,147.550419797916
"2006","70",75,105,90,121.489498335542,0.418495174866354,97.8979357568798,145.228475874171
"2006","71",117,151,140.995459399764,140.995459399764,0.421348972178302,117.029724247566,164.820483129113
"2006","72",151,157,155.997735450085,155.997735450085,0.421956138560443,132.101796397989,180.088219371236
"2006","73",157,171,167.555918066164,167.555918066164,0.421895082528393,143.50045368294,191.221241410372
"2006","74",171,NA,177.162849068302,177.162849068302,0.420891430305066,153.297559156249,201.048093487251
"2006","75",171,NA,172.839215631429,172.839215631429,0.421068892545133,148.937865270578,196.856164031888
"2006","76",171,NA,175.078994866448,175.078994866448,0.422994111872771,150.927612080729,199.12771668544
"2006","77",157,171,164,148.688812767524,0.419172771393311,124.911072333027,172.658440834475
"2006","78",117,151,125.800075410115,125.800075410115,0.420957658046935,101.785112475646,149.728387728651
"2006","79",117,151,132.731981464747,132.731981464747,0.420346604122245,108.80890882885,156.598252680349
"2006","80",117,151,132.407492576225,132.407492576225,0.417087547365842,108.83245790952,156.212214463639
"2006","501",117,151,134,112.857256642289,0.42224770891343,88.9262054393151,136.896618268624
"2006","601",75,105,90,111.521468145605,0.41910748741705,87.6642054774836,135.460350469815
"2007","1",164,173,168.5,174.750156437729,0.420621783077779,151.041541539562,198.666380247851
"2007","2",164,173,168.5,173.641832243947,0.42182813952543,149.568046088514,197.455625486803
"2007","3",152,164,158,171.75361493782,0.418592592219352,148.000740055901,195.31868711743
"2007","4",145,152,148.5,168.052192263571,0.421176288931619,144.099321708581,191.958388572421
"2007","5",152,164,158,169.58540276167,0.419330133867689,145.616976307877,193.586162903924
"2007","6",152,164,158,168.262419384859,0.42022364580636,144.496049785877,192.360240711701
"2007","7",145,152,149.905182070311,149.905182070311,0.421001304042785,125.937981260755,173.680087160678
"2007","8",145,152,147.817786545148,147.817786545148,0.416130556334023,124.215306681975,171.538460874585
"2007","9",145,152,145.957029767102,145.957029767102,0.422732351531398,121.976838955539,170.138018914606
"2007","10",145,152,148.5,120.471286353057,0.422230883477495,96.281160624006,144.618178372693
"2007","11",152,164,158,177.634972866198,0.419775798819177,153.874382872164,201.53421162975
"2007","12",152,164,158,174.444269421501,0.421323627694155,150.642985883618,198.29989776304
"2007","13",173,177,175,184.2359520151,0.421568453320343,160.243763167837,208.110234821248
"2007","14",152,164,158,174.063192971097,0.419524774731961,150.385973336658,197.951291295995
"2007","15",152,164,158,169.593913294061,0.419028957051982,145.83072549472,193.759076818948
"2007","16",145,152,148.5,161.525103184454,0.418701476924418,137.665601554351,185.219980385634
"2007","17",145,152,148.5,152.276354380661,0.421416245592503,128.229731487347,176.202019498382
"2007","18",129,138,136.066853630902,136.066853630902,0.421653674881665,112.04200103551,160.079330852753
"2007","19",145,152,148.5,132.738679855547,0.416543844692493,109.263975927259,156.751837921751
"2007","20",145,152,148.5,122.726882514476,0.42055793093485,98.7405631971392,146.493977367097
"2007","21",164,173,168.5,178.268208018201,0.417344066724578,154.44904651856,201.917412984087
"2007","22",164,173,168.5,176.665716586101,0.418466064297606,152.976106543755,200.770941635339
"2007","23",173,177,175,183.965953920147,0.418943396425373,160.171994481585,207.83355794683
"2007","24",164,173,168.5,183.180424863103,0.421889572898627,159.297650760802,207.112070650523
"2007","25",164,173,167.5480598684,167.5480598684,0.419522790397162,143.728188148448,191.422146632345
"2007","26",164,173,168.5,152.37889659117,0.421312119121805,128.518505695643,176.194260481642
"2007","27",145,152,148.5,156.94651088296,0.418060614986645,133.158864829171,180.699948379681
"2007","28",164,173,168.5,160.208790142956,0.415956241599135,136.651670648707,183.957534157041
"2007","29",145,152,148.5,131.911886670852,0.418572810078003,108.075435582492,155.691059916217
"2007","30",145,152,148.5,126.39037923402,0.417839189697265,102.600903257228,150.210125600837
"2007","31",164,173,168.5,174.563168426423,0.418535412535909,150.751723590701,198.33549563631
"2007","32",152,164,158,176.386187873822,0.422685292000378,152.215568357143,200.491676452009
"2007","33",164,173,168.5,181.460301155403,0.421996547408233,157.462458192778,205.521146600878
"2007","34",173,177,175,183.118443603049,0.420397600376529,159.485865803961,207.169764453033
"2007","35",164,173,168.5,181.436242051651,0.418497298013982,157.688948017928,205.16503454586
"2007","36",164,173,168.5,156.481489767366,0.42108128202366,132.547502021209,180.517781026156
"2007","37",152,164,157.066834434121,157.066834434121,0.417808736822637,133.403719825476,180.758771596982
"2007","38",164,173,168.5,162.536868224833,0.419912438472426,138.718888580065,186.426790026149
"2007","39",145,152,148.5,137.674791888641,0.418104861530045,113.882229473441,161.224337360382
"2007","40",145,152,148.5,125.417689515689,0.420121333620832,101.480396636091,149.036416831733
"2007","41",164,173,168.5,174.521789403916,0.42035722287533,150.530960557946,198.404535636505
"2007","42",152,164,158,177.795460596519,0.42076976226262,153.852137367927,201.707822048418
"2007","43",173,177,175,185.186666921583,0.42030521501575,161.325465823439,209.016866878668
"2007","44",173,177,175,187.088540684238,0.419452602786995,163.307385124389,210.988483330977
"2007","45",173,177,175,190.807345234312,0.422518386707891,166.778742445643,214.935251445006
"2007","46",173,177,175,180.4269778248,0.421039388061576,156.646357756272,204.505787943214
"2007","47",152,164,157.027367269329,157.027367269329,0.419015975967785,133.092646236811,180.74235588845
"2007","48",145,152,148.5,141.720786874509,0.417099695034641,118.074254377898,165.299161905918
"2007","49",145,152,145.721000495816,145.721000495816,0.421174106521475,121.774708620243,169.862944070983
"2007","50",145,152,148.5,130.841805681091,0.419148053293908,106.974748429538,154.616164701986
"2007","51",152,164,158,168.701391666912,0.420418130395317,144.982738850399,192.641833396832
"2007","52",145,152,148.5,162.823364065669,0.419576687388254,139.154839481994,186.515941862773
"2007","53",164,173,168.5,185.208748178871,0.419441822337592,161.30070606901,209.001983159964
"2007","54",173,177,175,188.993337810843,0.421740593896935,164.946231179105,212.851775796542
"2007","55",184,191,187.5,199.721902539801,0.422597743943704,175.725548592658,223.884335305019
"2007","56",184,191,187.5,198.854680124723,0.420236160833429,175.171758526178,222.753964491393
"2007","57",173,177,175,153.239597075299,0.422838909988332,129.285548903884,176.855864261258
"2007","58",164,173,168.5,150.41142402554,0.420011686823242,126.360138975754,174.182676264041
"2007","59",145,152,148.5,139.322918458624,0.421449383410556,115.22022524159,163.121512662761
"2007","60",145,152,148.5,141.24930777305,0.421015706638276,117.548868975039,165.393287169469
"2007","61",145,152,148.5,154.44551267151,0.418700910418449,130.591987770829,178.232544944945
"2007","62",164,173,168.5,178.143921967119,0.419171673053302,154.344989381573,201.980270264797
"2007","63",173,177,175,187.26944481303,0.423397797726446,163.088227724145,211.236375090039
"2007","64",164,173,171.627663257805,171.627663257805,0.421928646143351,147.715145772033,195.648955458312
"2007","65",184,191,187.5,200.613840222993,0.422447165280283,176.559266671361,224.614131692809
"2007","66",184,191,187.5,199.639658569111,0.421843466350224,175.761274201286,223.583620746156
"2007","67",173,177,175,151.940847948099,0.419189621303702,128.149886115347,175.629822435027
"2007","68",164,173,168.5,148.446282883376,0.423154239318717,124.365865438406,172.447209839464
"2007","69",145,152,148.5,137.997469126467,0.420941261300234,114.118603586147,161.947560583074
"2007","70",145,152,148.5,135.685572174695,0.420357160298402,111.886848248281,159.652580308532
"2007","71",129,138,133.5,155.297376682472,0.41964219351945,131.243189369483,179.059380993755
"2007","72",164,173,170.270376245665,170.270376245665,0.421910206454489,146.190725916181,194.309546490953
"2007","73",164,173,168.5,181.895915741542,0.422464846644688,157.696395179879,205.92634588522
"2007","74",173,177,175,191.474706584502,0.420469176949891,167.568600871803,215.449631786327
"2007","75",164,173,168.5,187.186939960217,0.420188719466799,163.179985586381,211.064148386835
"2007","76",173,177,175,189.293495295031,0.421552706429404,165.293836452737,213.317361806923
"2007","77",173,177,175,162.982398579922,0.419384218661411,139.126454146572,186.955252681523
"2007","78",164,173,168.5,140.125547464264,0.419321222227847,116.48723369469,163.905375535739
"2007","79",145,152,147.014290755198,147.014290755198,0.418875931706,123.306267955523,170.73051773668
"2007","80",145,152,146.549451351454,146.549451351454,0.421260057928341,122.508949894371,170.38663507408
"2007","101",145,152,148.5,118.248870389693,0.42033095090174,94.1052185993592,142.113017027855
"2007","201",129,138,133.5,117.025645662571,0.422316742921017,93.0857365392573,140.938942273566
"2007","301",145,152,148.5,123.04983111428,0.420920574217259,99.2274311711494,146.957856870649
"2007","401",145,152,148.5,125.795117684373,0.419464260022043,102.095478727774,149.699496041759
"2007","501",145,152,148.5,127.017995089794,0.419735074448871,103.184895052601,150.972521306784
"2007","601",145,152,148.5,125.946985720867,0.420961314294307,102.040642578085,149.897598364069
"2007","701",145,152,148.5,126.463800061052,0.420450829308735,102.643505741414,150.411912739941
"2007","801",145,152,148.5,141.662686714302,0.420881221834455,117.823303957285,165.544895469296
"2008","1",183,190,186.5,176.221727142588,0.421842865343379,152.318318099226,200.416604527857
"2008","2",176,183,179.5,175.000268141644,0.41948660785938,151.107220477027,199.008549833865
"2008","3",176,183,179.5,173.142381747258,0.420933120508723,149.307564951195,197.438047687097
"2008","4",169,176,169.45504646547,169.45504646547,0.421828661893359,145.296605149787,193.509117178008
"2008","5",169,176,170.816530422544,170.816530422544,0.419547303466846,147.217754428523,194.736474560309
"2008","6",169,176,169.548825250149,169.548825250149,0.422309591100154,145.418115596313,193.521813438565
"2008","7",120,162,151.17793221745,151.17793221745,0.420013729579717,127.456523153966,174.955282384507
"2008","8",120,162,149.156868846782,149.156868846782,0.42247730168197,125.260318960309,173.106206728423
"2008","9",120,162,147.369071899474,147.369071899474,0.41928716576038,123.640386664749,171.307054209044
"2008","10",75,105,90,121.765383821234,0.418077789056997,98.0735887219354,145.210844349722
"2008","11",183,190,186.5,179.008700530822,0.418924530045662,155.153857387969,202.776998160956
"2008","12",176,183,179.5,175.683990316081,0.421232508943426,151.757728280926,199.717584635029
"2008","13",183,190,185.599983044083,185.599983044083,0.421084608770809,161.550282009711,209.389308782535
"2008","14",176,183,179.5,175.38721421284,0.420345140396849,151.519109042517,199.364821550323
"2008","15",169,176,171.017810467607,171.017810467607,0.418573325024222,147.311288462168,194.838728387268
"2008","16",162,169,162.944383182909,162.944383182909,0.418640523991547,139.171090779133,186.877921680819
"2008","17",162,169,165.5,153.684990061099,0.421402583646483,130.015881134204,177.745963026144
"2008","18",120,162,137.388094702885,137.388094702885,0.419806931245986,113.480404558364,161.170753772829
"2008","19",81,106,93.5,134.089085195728,0.420078872306296,110.143702635446,157.768414350417
"2008","20",75,105,90,124.190412878757,0.422802495376375,100.348498798316,148.079370168532
"2008","21",183,190,186.5,179.480321770418,0.419254418206604,155.626652048421,203.166830740892
"2008","22",183,190,186.5,177.915324243373,0.417065004505401,154.233782192141,201.519722068384
"2008","23",183,190,185.327967485174,185.327967485174,0.420435143728868,161.432033686406,209.281254458856
"2008","24",183,190,184.536033528101,184.536033528101,0.421621670173566,160.44114994038,208.562987855585
"2008","25",169,176,172.5,168.845551252814,0.42103401845943,144.881815249042,192.903282130761
"2008","26",162,169,165.5,153.734439226813,0.417167686617188,129.828488547225,177.313487677172
"2008","27",162,169,165.5,158.352645777279,0.419968605200715,134.547953758327,182.00809253129
"2008","28",169,176,172.5,161.438685828099,0.420803682671416,137.390131717729,185.361161748566
"2008","29",120,162,133.213000725691,133.213000725691,0.421321368206734,109.119174114472,157.18369678748
"2008","30",75,105,90,127.758698674358,0.418900649183617,103.946918170955,151.58562469975
"2008","31",183,190,186.5,175.971505883502,0.423056846981076,152.070413498478,200.00327491692
"2008","32",183,190,186.5,177.749000538734,0.417891389278626,153.881581437163,201.318699862302
"2008","33",183,190,186.5,182.948382957289,0.420776365929544,159.091206039901,206.814423801704
"2008","34",183,190,184.459601466658,184.459601466658,0.421500549815229,160.524845438098,208.351016381776
"2008","35",190,197,193.5,182.668979883034,0.421011600063941,158.679663445837,206.453439513549
"2008","36",162,169,165.5,157.793092199618,0.424140924818087,133.778275927919,181.808635290973
"2008","37",162,169,165.5,158.429252234322,0.419240521044196,134.483221879657,182.396641701559
"2008","38",176,183,179.5,163.714835446564,0.419808549482096,139.915332759002,187.617386393141
"2008","39",106,120,113,139.092533299827,0.420834535966938,115.225906205801,163.161963969888
"2008","40",75,105,90,126.819600324628,0.418372104456951,103.099890830756,150.575853778045
"2008","41",183,190,186.5,175.813670751853,0.420878833204118,151.885481987474,199.729182915436
"2008","42",183,190,186.5,179.167501713902,0.422181295145964,155.208401766213,203.244669182435
"2008","43",183,190,186.594395253302,186.594395253302,0.423189758519792,162.526428767753,210.568340693315
"2008","44",190,197,193.5,188.446191253233,0.421909718729869,164.368276904311,212.520415319111
"2008","45",197,204,200.5,192.109873006841,0.42400814910347,168.046640626366,216.217218301624
"2008","46",183,190,186.5,181.732490189626,0.421339336431347,157.726733396514,205.784317873285
"2008","47",162,169,165.5,158.343392311573,0.420445365840239,134.567214772428,182.380692124816
"2008","48",120,162,142.902524180768,142.902524180768,0.424446475521634,118.954528934428,167.245663466371
"2008","49",120,162,147.169975642208,147.169975642208,0.418281779389394,123.438775708858,170.906284957265
"2008","50",120,162,132.011681004833,132.011681004833,0.423197914053141,108.018469897826,156.125682497621
"2008","51",169,176,170.084825799343,170.084825799343,0.418053948837304,146.175063025843,193.813111248969
"2008","52",169,176,172.5,164.224253803022,0.421295316207128,140.222735293482,187.94856860623
"2008","53",183,190,186.633711567336,186.633711567336,0.422619986000731,162.636446750333,210.583567568055
"2008","54",190,197,190.393803512737,190.393803512737,0.420621450605056,166.396593660419,214.26773156562
"2008","55",197,204,201.01558964743,201.01558964743,0.424105481606283,176.823727547519,225.111679464024
"2008","56",204,211,207.5,200.273954361377,0.418295739348378,176.431138068765,224.003384221129
"2008","57",190,197,193.5,154.600185067873,0.42160876736065,130.742913201082,178.630851705951
"2008","58",120,162,151.642067450609,151.642067450609,0.420004434400122,127.631550554928,175.562188812891
"2008","59",120,162,140.586876396212,140.586876396212,0.420343124083469,116.673874352984,164.389103393695
"2008","60",120,162,142.469872784618,142.469872784618,0.421340024778856,118.398426365093,166.42480331932
"2008","61",120,162,155.744438741143,155.744438741143,0.420228866385139,131.70559197754,179.564076720647
"2008","62",183,190,186.5,179.47302311856,0.420604838059098,155.342062785826,203.460084962405
"2008","63",183,190,188.493206109077,188.493206109077,0.422806573395181,164.546224513898,212.474659100542
"2008","64",190,197,193.5,172.96974233049,0.420262755237705,149.261713320953,196.783382405609
"2008","65",197,204,201.908871026419,201.908871026419,0.422127185329047,177.908731942438,225.852636292864
"2008","66",204,211,207.5,200.99580793911,0.423136584412137,176.970559633514,225.092157081866
"2008","67",190,197,193.5,153.070121586213,0.420281954658398,129.216599087692,176.907564041046
"2008","68",120,162,149.675461416393,149.675461416393,0.418702586206213,125.889375769067,173.560167114157
"2008","69",120,162,139.3887865475,139.3887865475,0.421708002070211,115.38135003672,163.388063196385
"2008","70",120,162,136.893333857368,136.893333857368,0.421881665035388,112.965969175482,160.800122540781
"2008","71",120,162,156.607305547143,156.607305547143,0.419430590450234,132.797793596365,180.376564288403
"2008","72",176,183,179.5,171.536232192291,0.424879420754671,147.369671408685,195.547184693866
"2008","73",183,190,183.098753305177,183.098753305177,0.419541375001742,159.16742451243,206.780395419906
"2008","74",190,197,192.751105134954,192.751105134954,0.42010408251654,168.969431115402,216.565282483601
"2008","75",190,197,193.5,188.45968393735,0.421036048115878,164.610390196052,212.519341143514
"2008","76",183,190,186.5,190.604503923369,0.421638979920957,166.572310475011,214.383250306264
"2008","77",162,169,164.238616676073,164.238616676073,0.419456347728497,140.519734492698,188.109092341485
"2008","78",120,162,141.53774617274,141.53774617274,0.421253949722949,117.711339222686,165.781468355062
"2008","79",120,162,148.331199867747,148.331199867747,0.420361178805028,124.539838024195,172.2358073859
"2008","80",120,162,147.901328637691,147.901328637691,0.422476209076298,123.681271482653,171.82871720706
"2008","101",75,105,90,119.689485925256,0.424636786260472,95.5622205345747,143.933576927274
"2008","201",75,105,90,118.357345827897,0.425427757379362,94.2375262980996,142.610734294178
"2008","301",75,105,90,124.337025263853,0.42107756279504,100.285737822676,148.179182335564
"2008","401",75,105,90,127.14664037901,0.420192909889192,103.125338805573,150.831191626949
"2008","501",75,105,90,128.440348447006,0.422362439204431,104.315094538043,152.353901241005
"2008","601",75,105,90,127.167438312863,0.418942187882525,103.235196198139,151.15323140727
"2008","701",75,105,90,128.003358546933,0.42119136919726,104.137918611142,152.037700943415
"2008","801",120,162,142.84631540067,142.84631540067,0.422442871599994,118.743317972567,166.605228285759
"2009","1",167,176,171.5,181.491009282487,0.420831398407402,157.603864251938,205.402217789661
"2009","2",167,176,171.5,180.461621750767,0.419950298505351,156.44106066578,204.094453681324
"2009","3",167,176,171.5,178.431258044079,0.42217696000818,154.30031142893,202.484004770109
"2009","4",167,176,174.738809641485,174.738809641485,0.420732817069476,150.991171273094,198.462254203328
"2009","5",167,176,171.5,176.208415923545,0.417545537214453,152.206926024001,199.869309453194
"2009","6",167,176,174.84672752901,174.84672752901,0.419000184006111,151.101438443417,198.540078839149
"2009","7",147,155,151,156.527162861053,0.420644120289363,132.571993534462,180.454682813583
"2009","8",147,155,154.467184123191,154.467184123191,0.418256480119824,130.795390061741,178.3171488665
"2009","9",147,155,152.585457690895,152.585457690895,0.420983517429004,128.461446607649,176.413559272018
"2009","10",147,155,151,127.077839656998,0.419850568688873,103.410924053285,150.82142954508
"2009","11",176,181,178.5,184.352873092565,0.420241782855879,160.059601289978,207.757743682566
"2009","12",167,176,171.5,181.027267655609,0.4168226723188,157.293525780792,204.750141370582
"2009","13",181,195,190.914438064079,190.914438064079,0.418846373055436,167.097186240806,214.808249035863
"2009","14",176,181,180.690787075596,180.690787075596,0.422133749237551,156.837459930169,204.557529000666
"2009","15",167,176,171.5,176.329120003961,0.419888624957902,152.524860281527,200.12094313207
"2009","16",167,176,168.330261378982,168.330261378982,0.420286278396509,144.404046029064,192.140693671515
"2009","17",147,155,151,158.866294804418,0.418696939066586,135.343091475017,183.074239810875
"2009","18",118,134,126,142.648979067148,0.419024816561432,118.992608984854,166.744789624823
"2009","19",147,155,151,139.481194750687,0.419307699308421,115.750459196057,163.209770794337
"2009","20",147,155,151,129.520723386083,0.416879620986666,105.817190667152,153.339658901951
"2009","21",167,176,171.5,184.838602093585,0.420616014353516,160.827211560949,208.634560888562
"2009","22",167,176,171.5,183.392889949205,0.419037117430526,159.501352241674,207.077309883965
"2009","23",181,195,190.607823191825,190.607823191825,0.420334928645601,166.621133577575,214.743860658929
"2009","24",181,195,190.018670265683,190.018670265683,0.419672779873663,166.03609605767,213.647345427404
"2009","25",167,176,174.208102650228,174.208102650228,0.418562014888641,150.437362029043,198.212389078929
"2009","26",160,167,163.5,159.03958502549,0.420004480440085,135.1450068806,183.014825480033
"2009","27",147,155,151,163.495465409948,0.419156073573731,139.617563385163,187.102107400058
"2009","28",167,176,171.5,166.899051790627,0.421128215624591,142.901577035394,190.961301931119
"2009","29",147,155,151,138.623812000578,0.417743639510338,114.937481425887,162.407791225796
"2009","30",147,155,151,133.115529045743,0.420300846384298,109.33413881026,157.066535933529
"2009","31",167,176,171.5,181.364713703433,0.420029560212471,157.540230589905,205.209695830457
"2009","32",167,176,171.5,183.025527502521,0.419815586109236,159.330385265481,206.679300669656
"2009","33",176,181,178.5,188.243594793602,0.420565877242486,164.334784019447,212.018813995647
"2009","34",181,195,189.831410327529,189.831410327529,0.416819054168215,166.087543794196,213.493003533163
"2009","35",181,195,187.941874983401,187.941874983401,0.418399701184549,164.053874353623,211.792342434508
"2009","36",155,160,157.5,163.111121446173,0.419323146698669,139.571744192111,187.073128068875
"2009","37",147,155,151,163.704079527156,0.419507527797657,139.828346282309,187.412601749315
"2009","38",167,176,169.14508051102,169.14508051102,0.418632838745193,145.395729054064,192.960858567825
"2009","39",147,155,151,144.50467908086,0.421273715948113,120.406045977231,168.330817081217
"2009","40",147,155,151,132.252908406883,0.421820746862431,108.221077317539,156.31495104568
"2009","41",167,176,171.5,181.235017854358,0.419752056563708,157.396009413603,205.186981309835
"2009","42",176,181,178.5,184.539482844466,0.418615256327268,160.644558255707,208.316759229807
"2009","43",181,195,192.027662593965,192.027662593965,0.420413698267194,167.719529150482,215.946647151417
"2009","44",181,195,193.795446249891,193.795446249891,0.421348217681924,169.859821385512,217.883661157005
"2009","45",181,195,188,197.601744924342,0.42525892295911,173.357295318269,221.681918502401
"2009","46",181,195,186.98866372417,186.98866372417,0.422289169664273,163.041250509263,210.860336957496
"2009","47",167,176,171.5,163.732667657649,0.421118166791172,139.690681128461,187.693998945135
"2009","48",147,155,148.436763769169,148.436763769169,0.418234979646016,124.489281384689,172.016635443737
"2009","49",147,155,152.605903376649,152.605903376649,0.41958859791407,128.596657453001,176.547981415473
"2009","50",147,155,151,137.402745240036,0.419932262115945,113.806190757161,161.29131916101
"2009","51",167,176,175.259654532637,175.259654532637,0.416340588588961,151.570187323144,198.793162419625
"2009","52",167,176,169.533855308681,169.533855308681,0.422755787680734,145.671065465745,193.741312906705
"2009","53",181,195,191.948842501102,191.948842501102,0.41727747230486,168.312561302622,215.572605235673
"2009","54",181,195,188,195.814136731199,0.419856533343813,172.05522812967,219.798437769215
"2009","55",195,202,198.5,206.280423256142,0.42345237377284,182.304546266832,230.353471973771
"2009","56",202,209,205.518689541395,205.518689541395,0.422991512598741,181.394851883798,229.700154272902
"2009","57",167,176,171.5,159.841149612797,0.421022309027349,135.721812074686,183.756160622357
"2009","58",147,155,151,156.908762255754,0.419417036562716,133.030486020006,180.880337086805
"2009","59",147,155,151,146.057871189049,0.420233626118784,122.330063830138,169.968448504057
"2009","60",147,155,147.926139712124,147.926139712124,0.421182065972752,124.082929911949,171.831408484589
"2009","61",147,155,151,161.195114331587,0.423495148489591,137.0347529756,185.311480762819
"2009","62",176,181,178.5,184.903483253565,0.421189181160833,160.844987508902,208.848684128999
"2009","63",181,195,193.858930101729,193.858930101729,0.422265794158758,170.007546882107,217.923016590571
"2009","64",167,176,171.5,178.201693467298,0.420067873251353,154.467203940512,202.040814713308
"2009","65",202,209,207.241283768572,207.241283768572,0.42396809869666,183.017551818634,231.272183239166
"2009","66",202,209,206.462400705359,206.462400705359,0.422651716740455,182.471918976664,230.69080182825
"2009","67",147,155,151,158.637392209183,0.42212445038858,134.818093388145,182.568546387337
"2009","68",147,155,151,155.140478879272,0.421600738071806,131.093921962018,179.018998129781
"2009","69",147,155,151,144.776248320964,0.420812308162499,120.974715435515,168.657845088092
"2009","70",147,155,151,142.420187255668,0.421207208541564,118.66138285575,166.589044075643
"2009","71",155,160,157.5,161.936674970304,0.421712975723068,137.904230441997,185.833927072343
"2009","72",167,176,171.5,176.897161164576,0.419634346655249,153.026208291405,200.881495277351
"2009","73",167,176,171.5,188.440059972617,0.421404073377636,164.514052629246,212.51664263569
"2009","74",181,195,188,198.089818011635,0.421222179638229,174.179586910434,222.112455195463
"2009","75",181,195,193.765735488732,193.765735488732,0.421024725271607,169.711828299051,217.572265477868
"2009","76",181,195,188,196.1960534613,0.421002914532082,172.210493602391,220.052695984275
"2009","77",167,176,169.716807996479,169.716807996479,0.421794682020058,145.760896989332,193.74679241135
"2009","78",147,155,151,146.845201917037,0.420668715361681,123.011957159483,170.898916434569
"2009","79",155,160,157.5,153.664162720924,0.42078119333772,129.846631039294,177.673264185831
"2009","80",155,160,157.5,153.269122962834,0.419341093003281,129.271211870671,176.921809848596
"2009","101",147,155,151,125.015055204645,0.420062247577752,101.359386073289,148.845417167869
"2009","201",147,155,151,123.789055968154,0.422932812249348,99.4258634627208,147.727670278827
"2009","301",147,155,151,129.740087161386,0.41984878129522,105.94359700482,153.559533030609
"2009","401",147,155,151,132.41665809016,0.420441314230459,108.710245082638,156.405749138504
"2009","501",147,155,151,133.910761651853,0.421235220723394,110.099353181228,157.797736375739
"2009","601",147,155,151,132.625937411928,0.423834303130669,108.642074646696,156.717658031809
"2009","701",147,155,151,133.206307555713,0.419819799712467,109.40117588507,156.956671125923
"2009","801",147,155,148.241879107941,148.241879107941,0.423417807135911,124.37728910303,172.251834692002
"2010","1",173,180,176.5,185.219320956718,0.420531044013352,161.336452588185,208.938651683741
"2010","2",173,180,176.5,183.952085376552,0.419899005982373,159.954946907678,207.670804236668
"2010","3",166,173,169.5,182.186355981294,0.420119500383837,158.488199439745,206.027681484289
"2010","4",166,173,169.5,178.311155272251,0.418415723020463,154.22690135359,201.863997995346
"2010","5",166,173,169.5,179.854048100102,0.418367943027421,156.067147429962,203.625176941975
"2010","6",166,173,169.5,178.551336279053,0.419863951393326,154.470904237955,202.29491342527
"2010","7",166,173,169.5,160.137539533398,0.419541417999169,136.322635066854,183.809716469804
"2010","8",166,173,169.5,158.030364605904,0.422208771634831,133.770798357356,181.983852963364
"2010","9",166,173,169.5,156.319236355198,0.419454550162374,132.505802992395,180.416798277056
"2010","10",138,145,141.5,130.778733223988,0.420099818565903,106.873693988718,154.607774493565
"2010","11",180,187,183.5,187.923256289736,0.418743149691757,164.077218464378,211.771807451024
"2010","12",173,180,176.5,184.699638229163,0.418947742486998,160.908933563638,208.525145529862
"2010","13",173,180,176.5,194.549575611715,0.418913946977533,170.817813918602,218.101148056029
"2010","14",166,173,169.5,184.356691598549,0.421671007568855,160.357778191935,208.283995467381
"2010","15",166,173,169.5,180.025007726095,0.418892077845186,156.213863280357,203.804373614281
"2010","16",166,173,171.958369441991,171.958369441991,0.41981445595644,148.207624791067,195.926672140731
"2010","17",166,173,169.5,162.632848635733,0.421300795505854,138.627065286873,186.633073854649
"2010","18",166,173,169.5,146.337450405331,0.418246309574118,122.644301160246,170.196089208918
"2010","19",138,145,142.9829037886,142.9829037886,0.42206921920523,118.710648937997,166.712331789673
"2010","20",138,145,141.5,133.14199057024,0.422618342116714,108.884562631679,157.088736166858
"2010","21",180,187,183.5,188.570577631293,0.418029575697524,164.921300243194,212.280288381804
"2010","22",173,180,176.5,186.983323610714,0.417767445023781,163.402220716191,210.924911622523
"2010","23",173,180,176.5,194.304135565665,0.418359642270018,170.62216913629,218.041182618553
"2010","24",173,180,176.5,193.633227891357,0.421834675841444,169.61470638653,217.626100009665
"2010","25",166,173,169.5,177.832082032161,0.421339554682501,153.664796158706,201.769356476135
"2010","26",166,173,169.5,162.65695708452,0.418213262183777,138.893364850812,186.450334147163
"2010","27",166,173,167.360755286535,167.360755286535,0.419962073183217,143.646730925907,191.281035421985
"2010","28",166,173,170.513413223586,170.513413223586,0.41901854069213,146.562884510177,194.214705553883
"2010","29",166,173,169.5,142.357671345544,0.418212363512421,118.537412626713,166.258086098774
"2010","30",166,173,169.5,136.754298944034,0.422049949872676,112.799539359415,160.698441495641
"2010","31",173,180,176.5,185.053795602742,0.419455774854719,161.026473563368,208.804037072965
"2010","32",173,180,176.5,186.6715270235,0.419680676393683,162.786479634718,210.446664621949
"2010","33",173,180,176.5,191.756587636388,0.418993036827182,167.887737367195,215.576733093616
"2010","34",173,180,176.5,193.493411961671,0.420538466787958,169.61074124585,217.104154463193
"2010","35",173,180,176.5,191.806791346174,0.41874351444841,167.966738598461,215.559197075526
"2010","36",166,173,166.823473664012,166.823473664012,0.420042673010623,142.935839702636,190.464562168117
"2010","37",166,173,167.395928925153,167.395928925153,0.421428340812644,143.465198690445,191.427199743726
"2010","38",166,173,172.804309102385,172.804309102385,0.420520978289887,149.07124966991,196.58285038467
"2010","39",166,173,169.5,148.016642706386,0.420684167614079,124.131529925898,172.052207791392
"2010","40",166,173,169.5,135.833714024549,0.421279461722765,111.820208700885,159.648917470599
"2010","41",173,180,176.5,184.769781022058,0.418508092535386,161.152571323293,208.374709285858
"2010","42",173,180,176.5,188.178904588068,0.420454943405174,164.332403321207,212.064227499428
"2010","43",173,180,176.5,195.5154696042,0.422642467382654,171.46505025076,219.313117425523
"2010","44",180,187,183.5,197.445876015356,0.419144312088702,173.487472619015,221.298560815318
"2010","45",180,187,183.5,201.090443682806,0.423527561368974,177.132585520073,225.130306805838
"2010","46",166,173,169.5,190.730560039542,0.418491632509391,166.904418670565,214.546268434549
"2010","47",166,173,167.402422927748,167.402422927748,0.422874990811095,143.391333600617,191.530380858116
"2010","48",166,173,169.5,152.026736396594,0.418537245074946,128.278033976615,175.909986721372
"2010","49",166,173,169.5,156.179826712739,0.420467139244404,132.499496920972,180.263436117668
"2010","50",166,173,169.5,141.078988513014,0.421936560044604,117.079757703447,164.897981852483
"2010","51",166,173,169.5,179.015049709317,0.418763027940226,155.191420993848,202.716931184014
"2010","52",166,173,169.5,173.139597738331,0.420873670150219,149.294771617027,197.022145685214
"2010","53",180,187,183.5,195.600859194199,0.419566944395647,171.797030830567,219.349532422353
"2010","54",180,187,183.5,199.340998042806,0.41640599699721,175.694934630728,222.876760422358
"2010","55",187,194,190.5,210.136742102257,0.423980805485333,185.880416366477,234.36712781002
"2010","56",187,194,190.5,209.206915017639,0.41937150749554,185.33968360081,232.866835534938
"2010","57",166,173,169.5,163.591192075015,0.420834000053039,139.553855375004,187.441888712439
"2010","58",166,173,169.5,160.535241026954,0.417773939278382,136.619985124816,184.420668993564
"2010","59",166,173,169.5,149.649372732625,0.419573606578396,125.781703002665,173.510415625638
"2010","60",166,173,169.5,151.610210026975,0.418847888483262,127.771698333998,175.432305905382
"2010","61",166,173,169.5,164.691085175141,0.42052500738015,140.829124891116,188.640277234547
"2010","62",173,180,176.5,188.463036314909,0.420902209676649,164.534670733044,212.627476190961
"2010","63",180,187,183.5,197.494282652402,0.42128014415499,173.495910662402,221.602313550753
"2010","64",166,173,169.5,181.864670021864,0.42286167692942,157.737343557845,205.701928713832
"2010","65",194,201,197.5,210.943261359043,0.421096758796673,186.967980289141,235.058702754143
"2010","66",187,194,190.5,210.036897260154,0.42116224526006,186.297862424224,234.037017001157
"2010","67",166,173,169.5,162.218788881474,0.421221411041539,138.231469716262,186.097175864846
"2010","68",166,173,169.5,158.741481694232,0.422721031827903,134.682650139076,182.854004544691
"2010","69",166,173,169.5,148.458389169185,0.420124432803615,124.447438027968,172.275766333398
"2010","70",166,173,169.5,146.033831304861,0.419394324727,122.260261016535,169.818689262722
"2010","71",166,173,169.5,165.45817550621,0.421446213985566,141.314976973017,189.225294458907
"2010","72",166,173,169.5,180.543001607371,0.421779442382967,156.575385888821,204.640338078855
"2010","73",173,180,176.5,192.215538196593,0.421354675797093,168.156718254569,216.139605754504
"2010","74",187,194,190.5,201.823897159195,0.422637211319726,177.664215907351,225.843383975444
"2010","75",180,187,183.5,197.408128117651,0.419429404845836,173.745986702604,221.115308082824
"2010","76",180,187,183.5,199.842045106557,0.420956520200728,175.867822048804,223.778817889224
"2010","77",166,173,169.5,173.223848738375,0.422289514062744,149.306459505417,197.024596447684
"2010","78",166,173,169.5,150.490337592076,0.422808558645873,126.471686882541,174.645934386018
"2010","79",166,173,169.5,157.343192954961,0.419000493892359,133.59638818827,181.100614711207
"2010","80",166,173,169.5,156.989747558731,0.421915719873833,132.932474624657,180.880162674261
"2010","101",138,145,141.5,128.651874637895,0.42146284962062,104.545189808678,152.627414996665
"2010","201",138,145,141.5,127.411899802395,0.421810182310642,103.26670505344,151.242558406026
"2010","301",138,145,141.5,133.411176625229,0.41838990604517,109.745540641573,157.062780376189
"2010","401",138,145,141.5,136.178646550545,0.421985005548331,112.212508889934,160.074335813558
"2010","501",138,145,141.5,137.433092132055,0.423057096585255,113.362905208268,161.418582056023
"2010","601",166,173,169.5,136.132880874391,0.42285744857613,112.253370038188,160.029498186559
"2010","701",166,173,169.5,136.80113680413,0.421224244778147,112.645911495591,160.847064287847
"2010","801",166,173,169.5,151.905227377566,0.420246957945981,128.036593769063,175.954845741477
"2011","1",186,192,190.816984936697,190.816984936697,0.422101190367227,166.771650308012,214.723693686422
"2011","2",192,199,195.5,189.649936606375,0.418202526174197,165.910612848198,213.573198514127
"2011","3",192,199,195.5,187.909888241585,0.418361123472841,164.432508382869,211.535993827744
"2011","4",192,199,195.5,184.173280851201,0.419312836985874,160.393889221962,208.294654269073
"2011","5",192,199,195.5,185.436156890824,0.420518396663666,161.586034123082,209.302690068923
"2011","6",186,192,189,184.207864542643,0.421025412141815,160.265162796428,207.991025578459
"2011","7",172,179,175.5,165.824672637018,0.419062447797671,141.788899645048,189.603600616686
"2011","8",172,179,175.5,163.868144426979,0.419506672228703,139.899707341035,187.715532849179
"2011","9",134,158,146,161.987297785876,0.419073550706281,138.353699722224,185.898875651186
"2011","10",75,105,90,136.418469183511,0.421865532842104,112.569290698644,160.471892915544
"2011","11",186,192,189,193.710263913788,0.420757486067042,169.780884658103,217.58238519938
"2011","12",192,199,195.5,190.376345819852,0.42112059186167,166.662945470645,214.362741521197
"2011","13",199,209,200.359045163393,200.359045163393,0.420515114208635,176.435241114892,224.234951235992
"2011","14",192,199,195.5,189.970821785202,0.41829571687884,165.982504459781,213.49322434075
"2011","15",186,192,189,185.734100521081,0.418774056396675,161.795613389274,209.401202991205
"2011","16",186,192,189,177.526387502862,0.421462049322438,153.547156694365,201.429361177318
"2011","17",172,179,175.5,168.37271890204,0.419139661655362,144.819105589384,192.138562182946
"2011","18",123,134,128.5,151.930643885917,0.417930744600041,128.391695039546,175.785197288244
"2011","19",123,134,128.5,148.775087170171,0.419948305912544,124.829873020081,172.61575790815
"2011","20",77,105,91,138.832827573425,0.418646377813285,115.003899249983,162.619717991921
"2011","21",192,199,194.23941185327,194.23941185327,0.419249291737094,170.505475271133,218.111914588146
"2011","22",192,199,192.661347281663,192.661347281663,0.417624615003363,168.982453747106,216.216569189066
"2011","23",199,209,199.935519489118,199.935519489118,0.420223780168787,176.15115179582,223.804045058426
"2011","24",199,209,199.185174907691,199.185174907691,0.420087735106547,175.282853035287,222.820752971588
"2011","25",192,199,195.5,183.550372136294,0.41871599550748,159.606520526837,207.334314038913
"2011","26",172,179,175.5,168.520772257555,0.421812941982867,144.606825273353,192.369967692557
"2011","27",172,179,172.940345782605,172.940345782605,0.420615251596231,148.95289563699,196.738598550512
"2011","28",172,179,176.208224350137,176.208224350137,0.419330335412197,152.503284721455,199.832443012916
"2011","29",123,134,128.5,147.922295931042,0.418774585025136,124.07554236727,171.58930449377
"2011","30",77,105,91,142.388192853228,0.421474788624909,118.398978690751,166.389942784901
"2011","31",192,199,195.5,190.784358995652,0.423860910657952,167.046730770195,214.839298758102
"2011","32",192,199,192.390413069709,192.390413069709,0.419882225231002,168.652981093253,216.24882834032
"2011","33",199,209,204,197.595170986653,0.418643845430604,173.699970082641,221.269240927073
"2011","34",199,209,199.049811057851,199.049811057851,0.418749662667245,175.210247552688,222.852356937778
"2011","35",199,209,204,197.285768663059,0.420030978560253,173.413970467218,221.271993873673
"2011","36",179,186,182.5,172.42634205747,0.421596963168654,148.349097626409,196.387944489041
"2011","37",172,179,173.054520330506,173.054520330506,0.419204305032188,149.415858981063,196.814940519102
"2011","38",172,179,178.434411048653,178.434411048653,0.420163490603378,154.714193086905,202.418974249951
"2011","39",134,158,153.725412949145,153.725412949145,0.42166804743071,129.933677211084,177.688660445629
"2011","40",123,134,128.5,141.539226123047,0.421454194149534,117.401283743087,165.282800072764
"2011","41",192,199,195.5,190.345973618495,0.418521663473242,166.614160260412,214.412960865104
"2011","42",192,199,193.799721174417,193.799721174417,0.420177508190953,170.063500248342,217.666793381261
"2011","43",199,209,201.343395966129,201.343395966129,0.420905574668635,177.73732880215,225.336176498479
"2011","44",209,221,215,203.039424258806,0.420835298029009,178.950669378311,226.774005015686
"2011","45",209,221,215,206.880587369502,0.421612290321107,182.790886298011,230.70502401778
"2011","46",199,209,204,196.274537663224,0.419351988020728,172.486118285487,219.992915967717
"2011","47",179,186,182.5,173.136495884622,0.421681427607052,149.151295228561,197.135032129513
"2011","48",134,158,157.770234810635,157.770234810635,0.420385222120876,134.043190393984,181.612964586322
"2011","49",172,179,175.5,161.804328845175,0.420337361671518,137.977732100238,185.833753534926
"2011","50",123,134,128.5,146.689424421421,0.421546508229509,122.570020111641,170.591565657281
"2011","51",186,192,189,184.697603124981,0.419828641745096,160.968365610325,208.545869883241
"2011","52",186,192,189,178.79578359218,0.417385227996913,155.009986452142,202.702004583133
"2011","53",199,209,201.327348408477,201.327348408477,0.422090909360978,177.253972585869,225.197863508315
"2011","54",209,221,215,205.146258650396,0.421812817706464,181.111316719102,229.326879315198
"2011","55",221,235,228,215.733496229966,0.422958192333312,191.878079412232,239.735589089969
"2011","56",221,235,228,214.883444502413,0.421249735855157,190.99802216153,238.869906086006
"2011","57",179,186,182.5,169.039771475641,0.421330823831453,144.932056973764,192.767702821588
"2011","58",172,179,175.5,166.246249233443,0.419374669589896,142.387292511518,190.109058523087
"2011","59",134,158,155.215038699653,155.215038699653,0.420135754214533,131.306186076243,179.01588759952
"2011","60",134,158,157.189078137288,157.189078137288,0.421623747596179,133.329605545375,180.911153299801
"2011","61",179,186,182.5,170.523707645673,0.421055566744418,146.682255711298,194.441168374278
"2011","62",192,199,194.132742232466,194.132742232466,0.419336986134416,170.13587478097,217.708664848392
"2011","63",199,209,203.214461282925,203.214461282925,0.419564516246748,179.40856423511,226.802740602863
"2011","64",192,199,195.5,187.501224801198,0.420151328365139,163.750423362811,211.498473070768
"2011","65",209,221,216.732729467313,216.732729467313,0.425424985380567,192.514257002844,240.81292847405
"2011","66",209,221,215.769321702225,215.769321702225,0.424630966377839,191.65383183705,239.716399863492
"2011","67",179,186,182.5,167.837119004084,0.420709388172495,143.905995267871,191.757361402338
"2011","68",172,179,175.5,164.422638479659,0.418672075613692,140.513455245481,188.339565862742
"2011","69",134,158,154.139878409335,154.139878409335,0.420357740956344,130.380568301028,178.028622089105
"2011","70",134,158,151.724500481919,151.724500481919,0.41817688010869,128.035714117338,175.573192625457
"2011","71",172,179,175.5,171.386636631423,0.421641154087088,147.419276426794,195.558438482704
"2011","72",186,192,186.208991036454,186.208991036454,0.420481036120445,162.469135693183,210.10172931996
"2011","73",199,209,204,197.872225942281,0.422652892738761,173.814408183063,221.820067180645
"2011","74",209,221,215,207.502643728091,0.421112536306817,183.711009121113,231.506207502663
"2011","75",209,221,215,203.213667124573,0.420600074983699,179.237826010574,227.046292628031
"2011","76",209,221,215,205.471229748167,0.420337076070648,181.354777584582,229.520507156017
"2011","77",192,199,195.5,179.004406569237,0.419884119130812,155.111459730879,202.809169183661
"2011","78",172,179,175.5,156.18187619897,0.420411347528974,132.344129757021,180.127611460608
"2011","79",172,179,175.5,163.005554796602,0.418909423760643,139.238843808852,186.874389682692
"2011","80",172,179,175.5,162.606005287563,0.418008576452741,138.884265549798,186.245308629785
"2011","101",75,105,90,134.391244828039,0.418971890834057,110.473461835828,158.234142790055
"2011","201",75,105,90,133.061243775224,0.42353245079982,108.789202668997,156.961477430466
"2011","301",77,105,91,139.034984284407,0.41960235058773,115.305412387363,162.768759756983
"2011","401",123,134,128.5,141.848184910733,0.420733134618087,118.032403756802,165.753398195659
"2011","501",123,134,128.5,143.185700735785,0.417620333531664,119.318092628547,166.926039348786
"2011","601",123,134,128.5,141.916708037376,0.41985030331008,118.082583387389,165.741266955063
"2011","701",123,134,128.5,142.513364892419,0.421149800136298,118.679276509236,166.382502293486
"2011","801",134,158,157.625265144128,157.625265144128,0.420247332578611,133.77795215452,181.382624206737
"2012","1",118,136,127,147.319587551944,0.418785819679688,123.462870246124,171.010350027615
"2012","2",118,136,127,146.237101533069,0.421139153037108,122.208020695351,170.180167951976
"2012","3",136,150,144.260478113211,144.260478113211,0.421336967806519,120.323040511534,167.895238872294
"2012","4",136,150,140.475837629464,140.475837629464,0.42048579277365,116.422181413998,164.185094812378
"2012","5",136,150,141.926281687368,141.926281687368,0.419041161610217,118.0688720346,165.73420275801
"2012","6",136,150,140.756789182039,140.756789182039,0.419375245395507,117.071157092351,164.594166102432
"2012","7",118,136,122.271458485558,122.271458485558,0.421790142518277,98.2393551128538,146.223513145702
"2012","8",136,150,143,120.173382927862,0.42099245278802,96.2652506457224,144.310938797285
"2012","9",136,150,143,118.514195851782,0.418007760474782,94.9011543275642,142.313299693411
"2012","10",75,105,92.9907391659231,92.9907391659231,0.419126131627491,69.2505714790551,116.723966736702
"2012","11",118,136,127,150.086513406872,0.420865754330699,126.16740057944,174.01095694902
"2012","12",118,136,127,146.904906216542,0.42216035382884,122.785214882166,170.926696895382
"2012","13",150,157,156.802860231006,156.802860231006,0.42090931905716,132.913781100775,180.696823529594
"2012","14",150,157,153.5,146.377432765884,0.419731094118243,122.295097777734,170.174277926906
"2012","15",136,150,142.104484066225,142.104484066225,0.421350885292229,118.216064500638,166.079588271259
"2012","16",136,150,143,134.017736272895,0.420799787584287,110.171564154572,158.053314538146
"2012","17",118,136,124.822884611927,124.822884611927,0.419658442418102,100.795078381722,148.599240748497
"2012","18",118,136,127,108.549227636715,0.420279801347114,84.6900303784914,132.494836686049
"2012","19",75,105,90,105.264763952013,0.417966741909117,81.6425303750863,129.150516797
"2012","20",75,105,95.1703050838934,95.1703050838934,0.420313714114537,71.1655163002867,118.978967967281
"2012","21",136,150,143,150.667827191813,0.422823237596353,126.569058123847,174.620314163986
"2012","22",118,136,127,149.116262036344,0.419022880140358,125.138917105632,172.650451791435
"2012","23",150,157,156.413013601465,156.413013601465,0.421043145841726,132.442280526137,180.275436832424
"2012","24",150,157,155.702020662829,155.702020662829,0.420718032911063,131.777415759962,179.587026609776
"2012","25",136,150,139.897612589704,139.897612589704,0.419680913805306,115.956873907008,163.752416259645
"2012","26",136,150,143,124.88271289404,0.419268578327247,101.01509115721,148.684756129998
"2012","27",136,150,143,129.426858566493,0.420551115126801,105.503022821703,153.377566839429
"2012","28",150,157,153.5,132.712064834901,0.417065542719754,108.868234212304,156.412093956027
"2012","29",75,105,104.429749050902,104.429749050902,0.420267087965399,80.5495902766072,128.255298877066
"2012","30",136,150,143,98.9546742924634,0.422948838259074,74.7641043572667,122.81209995137
"2012","31",136,150,147.005937505855,147.005937505855,0.42275752707403,123.22047299467,171.088115145518
"2012","32",118,136,127,148.816291858795,0.423173052804322,124.720272505451,172.886064500614
"2012","33",150,157,153.973502131307,153.973502131307,0.42109301617674,130.179744161988,177.927333999045
"2012","34",150,157,155.702205938053,155.702205938053,0.419713362914683,131.623055480021,179.508514363805
"2012","35",150,157,153.839878981793,153.839878981793,0.418824446276451,129.931704465648,177.700169501651
"2012","36",136,150,143,128.952035113003,0.416952547084851,105.304490036641,152.647979294476
"2012","37",118,136,129.489350337596,129.489350337596,0.422724267869635,105.484423615691,153.420593393009
"2012","38",150,157,153.5,134.94428012468,0.422864196270147,110.963611205432,158.906320692694
"2012","39",75,105,90,110.250596153353,0.418976939593898,86.3102001377584,134.002989099673
"2012","40",75,105,98.0316604301721,98.0316604301721,0.420358268311876,74.0051456184543,122.007986040726
"2012","41",118,136,127,146.993613227365,0.42128720537218,123.141624079592,170.830867455603
"2012","42",150,157,150.305552457448,150.305552457448,0.419190671571318,126.366119785531,173.940093512273
"2012","43",150,157,153.5,157.718026050224,0.420477745116068,133.923349302828,181.519656445739
"2012","44",157,NA,159.558123021438,159.558123021438,0.418987766310902,135.812483557676,183.519389920336
"2012","45",157,NA,163.405573725909,163.405573725909,0.4203386770613,139.523018141338,187.21272459652
"2012","46",150,157,152.716727059586,152.716727059586,0.419665281109628,128.63500290508,176.353693358756
"2012","47",136,150,143,129.350171872167,0.419772782885969,105.184258902082,153.203091925324
"2012","48",75,105,90,114.191804417083,0.421939221373255,90.2486411375072,138.253379753575
"2012","49",136,150,143,118.288558498731,0.420331398372311,94.5083709397246,142.231325475096
"2012","50",75,105,103.137313278134,103.137313278134,0.420933465589113,79.2705731235656,126.973617959973
"2012","51",136,150,141.132673136268,141.132673136268,0.42028510921218,117.004418994055,164.855972338661
"2012","52",118,136,135.318984444329,135.318984444329,0.419688030972788,111.279602605836,159.18806773332
"2012","53",150,157,153.5,157.909010285482,0.422034423703549,133.914249219093,181.921004709471
"2012","54",157,NA,161.549801076302,161.549801076302,0.419444170047342,137.735554932446,185.337433179467
"2012","55",157,NA,172.206076532555,172.206076532555,0.424429439994866,148.265710019931,196.457971949033
"2012","56",157,NA,171.466809714816,171.466809714816,0.421278972193376,147.661462680317,195.338364468695
"2012","57",87,105,96,125.677518776165,0.42296024813285,101.568558961885,149.621522871998
"2012","58",136,150,143,122.750583126858,0.418734988858993,98.8851247418968,146.518546258401
"2012","59",75,105,90,111.812233934771,0.419146188331724,88.0143407398734,135.508947116042
"2012","60",75,105,90,113.710144637444,0.4189006540942,89.8118519520057,137.492942564534
"2012","61",75,105,90,126.946363162706,0.420390511717092,103.286577826534,151.004133488257
"2012","62",150,157,150.639001996677,150.639001996677,0.420745083944868,126.435513367559,174.417848985482
"2012","63",157,NA,159.707048443134,159.707048443134,0.421047757479742,135.782293734518,183.505194103041
"2012","64",75,105,90,144.100750870262,0.422438716133425,120.133417315453,168.158127048783
"2012","65",157,NA,173.178822437083,173.178822437083,0.424399829304292,148.900646773847,197.184965512226
"2012","66",157,NA,172.309263884818,172.309263884818,0.423182226341664,148.183944662379,196.219315022065
"2012","67",101,118,109.5,124.27623581328,0.418536375411473,100.451880232231,148.102578597363
"2012","68",75,105,90,120.858200597847,0.424262332757367,96.7765185662303,144.895304244545
"2012","69",75,105,90,110.600776243659,0.420896998787342,86.821595922938,134.490637077805
"2012","70",136,150,143,108.220301684888,0.415979049844866,84.6563888544943,131.839715184767
"2012","71",118,136,127.603777015726,127.603777015726,0.422133364473418,103.71753341081,151.757980988804
"2012","72",136,150,142.739744561512,142.739744561512,0.417020799715555,119.071000186605,166.464125153769
"2012","73",136,150,143,154.368990375549,0.422378776369538,130.233570327765,178.302006983627
"2012","74",157,NA,164.091803818986,164.091803818986,0.418929255694548,140.476698171645,187.927966323144
"2012","75",150,157,153.5,159.663211082439,0.424470793237557,135.486295364416,183.911316990822
"2012","76",157,NA,161.971150384281,161.971150384281,0.418640022560106,138.17643666254,185.874775389174
"2012","77",136,150,143,135.338426471093,0.420712461789398,111.556783694117,159.401109150708
"2012","78",136,150,143,112.764829847639,0.422578071590124,88.6499796197438,136.792045463843
"2012","79",75,105,90,119.47682611734,0.417313436345812,95.8841568592066,142.964677103225
"2012","80",75,105,90,118.958893071674,0.41755464916362,95.1989129483593,142.715577610552
"2012","101",75,105,90.8730966972379,90.8730966972379,0.419139387210793,67.112271799211,114.624444022461
"2012","201",75,105,89.5794121244493,89.5794121244493,0.420047190503593,65.7987615123298,113.341107098399
"2012","301",136,150,143,95.5346895556614,0.421726454775786,71.5344387506977,119.295431002691
"2012","401",136,150,143,98.3554231303331,0.422516163324311,74.266881614744,122.484836799827
"2012","501",75,105,99.600069651959,99.600069651959,0.420012357281493,75.7160842143684,123.653035510134
"2012","601",75,105,98.4624263537017,98.4624263537017,0.4209454102537,74.5419019327421,122.361687240777
"2012","701",75,105,98.9883009131795,98.9883009131795,0.42088119353749,75.1837400926849,122.798135242465
"2012","801",75,105,90,114.096445348742,0.425765638896239,89.9077406361223,138.40438002852
"2013","1",168,NA,178.317394447516,178.317394447516,0.422379761761072,154.363642323278,202.204054842363
"2013","2",168,NA,177.145569659492,177.145569659492,0.422741327878452,153.13233161536,201.096702177457
"2013","3",168,NA,175.283201021281,175.283201021281,0.421431370398968,151.506867546117,199.321653687771
"2013","4",154,168,161,171.644213242947,0.419487109581199,147.879499821882,195.370242139275
"2013","5",154,168,161,173.142331475964,0.42103269726043,149.227065513636,196.992231722645
"2013","6",154,168,161,171.754759908737,0.42058811994824,147.854431702591,195.66817819631
"2013","7",134,154,153.414684869302,153.414684869302,0.421036299586959,129.286625380336,177.349787122239
"2013","8",134,154,151.325608513542,151.325608513542,0.420956087230039,127.498617320254,175.136776096748
"2013","9",134,154,149.442851964866,149.442851964866,0.422465584735288,125.436819145582,173.531663028405
"2013","10",134,154,144,124.019262527118,0.421268174262946,100.366437218349,147.933253917993
"2013","11",168,NA,181.200801566132,181.200801566132,0.422874966838849,157.133352376508,205.29936470463
"2013","12",168,NA,178.007686700042,178.007686700042,0.42203352694109,153.975839574547,201.789042106458
"2013","13",168,NA,187.970492967823,187.970492967823,0.421237522597553,163.899837561334,211.802210252018
"2013","14",168,NA,177.51940729773,177.51940729773,0.422591431539172,153.633207952099,201.490244027957
"2013","15",154,168,161,173.1108697205,0.41921104790548,149.490457559044,197.006242796816
"2013","16",154,168,165.071534320465,165.071534320465,0.419813586146338,141.138785921671,188.966261946522
"2013","17",134,154,144,155.880759744783,0.421273780841627,131.986726986411,179.80629051398
"2013","18",134,154,139.575106346014,139.575106346014,0.420128768946908,115.725824726728,163.330521689071
"2013","19",134,154,136.360520711805,136.360520711805,0.421670943376322,112.267552680357,160.279011856701
"2013","20",134,154,144,126.410959501721,0.423707691139536,102.0553297429,150.550246071368
"2013","21",168,NA,181.855965976206,181.855965976206,0.422639618048665,157.536156590665,206.02024153682
"2013","22",168,NA,180.2331369599,180.2331369599,0.422812943968099,156.351058586381,204.252953211151
"2013","23",168,NA,187.485445687682,187.485445687682,0.421997461891764,163.475399071121,211.209384417429
"2013","24",168,NA,186.849100778053,186.849100778053,0.421894896615267,162.914536886955,210.857232068748
"2013","25",154,168,161,171.037149701301,0.420656238648341,147.105370985674,194.872966848379
"2013","26",134,154,144,156.094354253516,0.421071051829411,132.374345727995,180.011946159444
"2013","27",154,168,160.545277355667,160.545277355667,0.422554893707171,136.666909514429,184.584260439261
"2013","28",154,168,163.707436934455,163.707436934455,0.419698486846788,140.119844043912,187.559936161506
"2013","29",134,154,135.586650425709,135.586650425709,0.421931615124784,111.504205175475,159.538268136992
"2013","30",134,154,144,130.082797007635,0.420288982102112,106.453477837408,153.986675365045
"2013","31",168,NA,178.286513252886,178.286513252886,0.421374162308827,154.50042491686,202.398107061621
"2013","32",168,NA,179.852732103103,179.852732103103,0.417810462899656,156.168475736386,203.828326687896
"2013","33",168,NA,185.076820660788,185.076820660788,0.422639100630425,161.103765219328,209.032938952075
"2013","34",168,NA,186.690203685138,186.690203685138,0.421103380001827,162.91629427008,210.853891479496
"2013","35",168,NA,185.044352326432,185.044352326432,0.419730527747688,161.07331836611,208.923792080218
"2013","36",154,168,160.105175266499,160.105175266499,0.420429371457405,136.126998610451,183.959780437117
"2013","37",154,168,160.678434258725,160.678434258725,0.419763742000326,136.940343919391,184.507681931648
"2013","38",168,NA,168,165.963624434067,0.422443898152915,142.016670342778,189.990062967344
"2013","39",134,154,141.250668163042,141.250668163042,0.423636639045543,117.345186314343,165.289662474017
"2013","40",134,154,144,129.068991756717,0.42105146694392,105.068799466088,153.213147471256
"2013","41",168,NA,178.219816867339,178.219816867339,0.422781441128672,154.411760580709,202.148496915318
"2013","42",168,NA,181.33822053453,181.33822053453,0.422000622470286,157.180243655007,205.329511582341
"2013","43",168,NA,188.802007970586,188.802007970586,0.418964744805427,164.838853243751,212.509842176406
"2013","44",168,NA,190.657687086385,190.657687086385,0.422901522999399,166.929399463172,215.004199339876
"2013","45",168,NA,194.509337833455,194.509337833455,0.423945335113038,170.194466996137,218.623685855592
"2013","46",168,NA,183.972904843581,183.972904843581,0.419971112873797,160.284662548605,207.742578026898
"2013","47",154,168,160.730828583907,160.730828583907,0.419777398935574,136.995980336591,184.688631246387
"2013","48",134,154,145.319190003464,145.319190003464,0.420277465153628,121.179388029666,169.086691111392
"2013","49",134,154,149.406966958785,149.406966958785,0.423018026848066,125.309216169848,173.474105776729
"2013","50",134,154,134.35274334135,134.35274334135,0.423167641011054,110.430180867399,158.509037770413
"2013","51",154,168,161,172.20312663136,0.420266893031491,148.384829714658,196.251429566651
"2013","52",154,168,166.350016584468,166.350016584468,0.418971970450354,142.48596282951,190.067660821556
"2013","53",168,NA,188.964050170338,188.964050170338,0.423031414626988,165.122999841517,212.98206028736
"2013","54",168,NA,192.704761938655,192.704761938655,0.423393682222307,168.933899815679,216.81261327658
"2013","55",168,NA,203.29569433029,203.29569433029,0.423175626851476,179.34368968268,227.363694059051
"2013","56",168,NA,202.464036246592,202.464036246592,0.425547523590324,178.030882248905,226.856127336454
"2013","57",134,154,144,156.815675975171,0.422052871144824,132.71332022064,180.700039288127
"2013","58",134,154,153.851319312205,153.851319312205,0.422730553290998,129.67525951665,177.923260710702
"2013","59",134,154,142.860455455605,142.860455455605,0.421469013797145,119.011868247289,166.851029776121
"2013","60",134,154,144.869632150228,144.869632150228,0.422347543972534,121.125656936431,168.831205130395
"2013","61",154,168,158.062364871194,158.062364871194,0.420737568369925,134.177272562896,181.853750863276
"2013","62",168,NA,181.686836776854,181.686836776854,0.420530901385001,157.817261412431,205.446159471682
"2013","63",168,NA,190.686266156634,190.686266156634,0.423210770873976,166.702322630287,214.722926724253
"2013","64",154,168,161,175.057669846643,0.420451257251908,151.003129295054,199.201209503847
"2013","65",168,NA,204.291070525474,204.291070525474,0.425388086037169,179.97426698921,228.38575737747
"2013","66",168,NA,203.242161967308,203.242161967308,0.424363472801175,179.096996177555,227.275123774355
"2013","67",134,154,144,155.448776262835,0.419273851728139,131.740338846459,179.302751938661
"2013","68",134,154,152.028973412904,152.028973412904,0.423553501616833,128.020898460879,176.262517097056
"2013","69",134,154,141.784998047525,141.784998047525,0.421388863036516,117.791031283346,165.65549214525
"2013","70",134,154,139.26147382484,139.26147382484,0.422470136755526,115.214269977981,163.219531722026
"2013","71",154,168,158.818888186942,158.818888186942,0.42210366847342,135.085588942228,183.019267816969
"2013","72",154,168,161,173.832750693819,0.422260866869152,149.722927729659,197.890075527946
"2013","73",168,NA,185.356960552428,185.356960552428,0.421504356215422,161.575561454142,209.317471136276
"2013","74",168,NA,195.085894538855,195.085894538855,0.42253258791227,171.18395258434,219.228957226646
"2013","75",168,NA,190.753755243154,190.753755243154,0.423464931121097,166.941179873899,214.859373270494
"2013","76",168,NA,192.964528438996,192.964528438996,0.42157634389689,168.655600790647,216.797207085868
"2013","77",154,168,166.565419497948,166.565419497948,0.421526782797059,142.668020613783,190.806148160677
"2013","78",134,154,143.746343737142,143.746343737142,0.424474376819108,119.880728225446,167.918850637255
"2013","79",134,154,150.526942626276,150.526942626276,0.422630700485294,126.607903885035,174.534199375516
"2013","80",134,154,150.153579652005,150.153579652005,0.420689344396909,126.35061071024,174.208921894603
"2013","301",134,154,144,126.641083418709,0.423100452787076,102.712860232425,150.619592804525
"2013","401",134,154,144,129.403437030319,0.423325152405402,105.220505578843,153.477598216308
"2013","501",134,154,144,130.76890255626,0.422412346092796,106.796602447159,155.009558682806
"2013","601",134,154,144,129.434822135633,0.422838288091472,105.312504968526,153.452649299889
"2013","701",134,154,144,130.032489553794,0.421473306843336,105.961092009498,154.082361946107
"2013","801",134,154,145.233238502874,145.233238502874,0.421565855593162,121.439590485697,169.104371325618
"2014","1",175,189,182.319699870386,182.319699870386,0.422022646839186,158.16348992551,206.062867365342
"2014","2",175,189,181.268074176037,181.268074176037,0.420618306413221,157.388486090627,205.13767223096
"2014","3",175,189,179.239071481266,179.239071481266,0.418380120929062,155.548746957971,202.92931328643
"2014","4",175,189,175.526345473598,175.526345473598,0.41926354685285,151.863048826415,199.315090221979
"2014","5",175,189,176.930223186181,176.930223186181,0.419895535807921,153.011045354991,200.828315878716
"2014","6",175,189,175.750872998818,175.750872998818,0.418411544443961,151.875767114554,199.570119252434
"2014","7",147,161,157.308999379204,157.308999379204,0.41949902209826,133.293517320881,181.319579647291
"2014","8",147,161,155.213644674884,155.213644674884,0.42046987155142,131.250603146464,179.139830805386
"2014","9",134,147,140.5,153.524331139624,0.424830019235578,129.283385452239,177.763457254714
"2014","10",134,147,140.5,127.896494919356,0.420203601454161,103.994930527904,151.770174676101
"2014","11",175,189,185.175596946407,185.175596946407,0.420071514962516,161.335914381301,209.049558387908
"2014","12",175,189,181.923620506947,181.923620506947,0.42085595187838,157.832276882172,205.749980411941
"2014","13",189,196,191.706815251538,191.706815251538,0.419179228479243,167.831807746516,215.421232671983
"2014","14",175,189,181.475430779218,181.475430779218,0.418474916852934,157.770548442152,205.380317039882
"2014","15",175,189,177.185078082145,177.185078082145,0.420360120192997,153.088329657694,201.023459681459
"2014","16",161,175,169.002465401483,169.002465401483,0.419754521265645,145.12971573081,192.823654622134
"2014","17",147,161,159.806799096066,159.806799096066,0.422560312501286,135.801028031966,183.826973678539
"2014","18",134,147,143.507434372375,143.507434372375,0.42084632363344,119.703677766084,167.496323317132
"2014","19",134,147,140.298784356695,140.298784356695,0.422388388716176,116.348284120109,164.146791263466
"2014","20",134,147,140.5,130.288623973627,0.420372456867944,106.378563408017,154.255566002431
"2014","21",175,189,185.728085305763,185.728085305763,0.420337164902292,161.786034557229,209.434297429763
"2014","22",175,189,184.086900703779,184.086900703779,0.419412936112952,160.078822625229,207.666981253302
"2014","23",189,196,191.408491767157,191.408491767157,0.421964374167182,167.485737835917,215.568433353166
"2014","24",189,196,190.74128366585,190.74128366585,0.419106324573162,166.929741731012,214.495116823772
"2014","25",161,175,168,175.017635436184,0.41968142665175,151.2408738175,198.918810568849
"2014","26",147,161,159.8958540404,159.8958540404,0.418487514759302,136.091196443536,183.634052144396
"2014","27",147,161,154,164.37054169264,0.416651483475392,140.902145069371,188.00892793434
"2014","28",147,161,154,167.631430005391,0.419243286203809,143.738446107085,191.281889494923
"2014","29",134,147,139.487380437982,139.487380437982,0.419589453661449,115.624398564752,163.138092267597
"2014","30",134,147,140.5,133.981121519788,0.422917557696437,109.833587875779,158.012793999548
"2014","31",175,189,182.105524851595,182.105524851595,0.42194871424378,158.17337022573,206.350942905062
"2014","32",175,189,183.854196660396,183.854196660396,0.421423924065128,159.663998613441,207.586069935772
"2014","33",189,196,189.085794423831,189.085794423831,0.421693444806502,165.059840727349,212.830087054268
"2014","34",175,189,182,190.562528137242,0.418516018138074,166.774554235583,214.365662856499
"2014","35",175,189,188.847181971724,188.847181971724,0.417398621835735,165.153401654121,212.563600844347
"2014","36",161,175,163.992280020469,163.992280020469,0.419232183275862,140.115308831853,187.913308726671
"2014","37",147,161,154,164.58437786068,0.418889906040168,140.644719391285,188.498657551347
"2014","38",161,175,169.972273467895,169.972273467895,0.420183455195226,145.841283613358,193.951940155729
"2014","39",134,147,145.195843685651,145.195843685651,0.419835130914119,121.198980236535,169.106105015532
"2014","40",134,147,140.5,133.018003445971,0.421204563677657,109.167652790166,156.846987983184
"2014","41",175,189,182.00961948257,182.00961948257,0.420056300188406,158.282491953184,205.983621076751
"2014","42",189,196,192.5,185.26306121618,0.42049202725185,161.369997285359,208.928418939521
"2014","43",189,196,192.813376948651,192.813376948651,0.418887874179162,168.942469175583,216.549579946455
"2014","44",189,196,194.41729252316,194.41729252316,0.421474368577642,170.573940847566,218.275440153101
"2014","45",189,196,192.5,198.325450588877,0.423969796498939,174.295762253857,222.321264667957
"2014","46",175,189,187.801496409275,187.801496409275,0.420994533851905,163.950150790988,211.667447590992
"2014","47",161,175,164.434904750264,164.434904750264,0.419125786434065,140.47060214156,188.227831930947
"2014","48",134,147,140.5,149.20757164361,0.420604779382718,125.42215766234,173.177241738754
"2014","49",134,147,140.5,153.330603544107,0.422520788209824,129.290318055144,177.003699880454
"2014","50",134,147,138.244424814358,138.244424814358,0.42250825112273,114.247373709476,162.36181198088
"2014","51",175,189,176.238548511996,176.238548511996,0.421949753207713,152.429674926645,200.138469649675
"2014","52",175,189,182,170.372728135476,0.418577562784559,146.566674890367,194.092219983412
"2014","53",196,NA,196,192.846578644729,0.417648814412865,169.222840930724,216.582598254215
"2014","54",196,NA,196.565762707986,196.565762707986,0.419481047029635,172.711355421198,220.407046141813
"2014","55",196,NA,207.235157595904,207.235157595904,0.423208513184104,183.152757727753,231.497467295862
"2014","56",189,196,192.5,206.318515889791,0.421683589133754,182.345381054336,230.419585296732
"2014","57",147,161,160.61187958729,160.61187958729,0.421106197496549,136.604975434192,184.603375001233
"2014","58",147,161,157.734690615508,157.734690615508,0.419821849830957,134.112125275031,181.576367021073
"2014","59",134,147,146.712412355751,146.712412355751,0.419162713022289,122.865147511,170.335247952859
"2014","60",134,147,140.5,148.718921087445,0.419404357771775,124.912909125728,172.519760294321
"2014","61",147,161,154,161.981060615797,0.42135537468774,138.095234424923,186.069400026499
"2014","62",196,NA,196,185.606971062425,0.420670195070129,161.529525181216,209.388146175453
"2014","63",189,196,194.634878798861,194.634878798861,0.42091150628526,170.536724505488,218.588324793909
"2014","64",196,NA,196,179.001725344026,0.421179557639498,155.225638719787,202.816851075367
"2014","65",196,NA,208.142077359343,208.142077359343,0.422126696962925,184.121633373346,232.324314002568
"2014","66",189,196,192.5,207.204535207543,0.419399231705416,183.266710315229,231.057041955081
"2014","67",147,161,159.352373963306,159.352373963306,0.42144381514635,135.442753166739,183.313109425789
"2014","68",147,161,155.95835886906,155.95835886906,0.419968571528955,131.989867387817,179.886566492048
"2014","69",134,147,145.798143029637,145.798143029637,0.420417903431597,121.894974584364,169.710975945787
"2014","70",134,147,143.264546900691,143.264546900691,0.421231086808934,119.499974439009,167.232095177441
"2014","71",147,161,154,162.717378082387,0.420086578168901,138.855700500528,186.540258220195
"2014","72",175,189,177.724911843731,177.724911843731,0.41763755866006,153.942068999063,201.552765198024
"2014","73",196,NA,196,189.293887662522,0.421488627305258,165.182616530883,213.3916319291
"2014","74",189,196,192.5,199.002167495305,0.419214266994066,175.021645083606,222.830106348791
"2014","75",189,196,194.526748944603,194.526748944603,0.421740627177073,170.380904915339,218.481775340966
"2014","76",175,189,182,196.965628844112,0.419675074224704,173.017975659536,220.817160875659
"2014","77",161,175,170.400743002026,170.400743002026,0.420529750036287,146.755240140114,194.41229041137
"2014","78",134,147,140.5,147.703139287045,0.419625091277972,123.76487117091,171.614525895253
"2014","79",147,161,154.536183680157,154.536183680157,0.421985303615023,130.626378520504,178.393777407154
"2014","80",147,161,154.028011578765,154.028011578765,0.422184399183732,130.121855547886,177.892523540099
"2014","101",134,147,140.5,125.847774656098,0.417480413729109,102.033569024387,149.72889270262
"2014","201",134,147,140.5,124.528523936348,0.422162456667332,100.686585735472,148.738205041962
"2014","301",134,147,140.5,130.608437869228,0.420580444695521,106.69115765663,154.406722172217
"2014","401",134,147,140.5,133.345729919669,0.419071693299194,109.328576415061,157.062266946942
"2014","501",134,147,134.587892686807,134.587892686807,0.419174705335892,110.74305157295,158.5180864355
"2014","601",134,147,140.5,133.30802418389,0.423388707095165,109.288674693605,157.286403446107
"2014","701",134,147,134.117630913443,134.117630913443,0.422279937872792,110.127350722087,158.241805436846
"2014","801",147,161,149.080090210038,149.080090210038,0.4179064629678,125.407222335433,172.587368129399
"2015","1",174,188,184.882006644767,184.882006644767,0.420425250490561,161.047207448454,208.853156126994
"2015","2",174,188,183.901489578992,183.901489578992,0.42008794387959,159.998349634868,207.674263703395
"2015","3",160,174,167,181.802430318177,0.420269718441571,158.009769458855,205.635144502193
"2015","4",160,174,167,178.051875249061,0.420247729455462,154.225427115105,202.131091590481
"2015","5",160,174,167,179.575407535677,0.419686650141501,155.741753059678,203.320533335719
"2015","6",160,174,167,178.342281375499,0.418838615921166,154.680933960257,202.123188963104
"2015","7",146,160,159.870237119742,159.870237119742,0.420296465322232,135.879026080528,183.655988045167
"2015","8",146,160,157.824320415711,157.824320415711,0.419058777309701,134.060455868037,181.615753971835
"2015","9",146,160,155.996402655725,155.996402655725,0.423234902271511,131.93027412924,179.995721956479
"2015","10",146,160,153,130.512714587695,0.422950017078763,106.589030213593,154.788580321767
"2015","11",174,188,187.653268327458,187.653268327458,0.417547068306121,163.897833382851,211.482009856314
"2015","12",174,188,184.511621561757,184.511621561757,0.418524323767371,160.935649909035,208.204981813055
"2015","13",174,188,181,194.391704328511,0.417143468324157,170.795411334609,218.118155250784
"2015","14",174,188,183.919499003242,183.919499003242,0.421074887860924,159.909708575823,207.91636154186
"2015","15",160,174,167,179.668493509779,0.417942841816176,155.650521518545,203.349898193775
"2015","16",160,174,171.508304523588,171.508304523588,0.419964274667043,147.957011306773,195.447753038075
"2015","17",160,174,162.262716130973,162.262716130973,0.418899549165444,138.499167225188,186.323822712345
"2015","18",146,160,146.042395431292,146.042395431292,0.418630189195784,122.281409306554,169.975371712766
"2015","19",146,160,153,142.845929012884,0.421360700528282,119.006961220791,166.977191430437
"2015","20",133,146,139.5,132.875350300501,0.421131780390596,108.747688334158,156.693585506952
"2015","21",174,188,181,188.385633331846,0.421772990180745,164.498872111363,212.23910783504
"2015","22",174,188,186.684376708198,186.684376708198,0.422293761598977,162.801537779945,210.925922407573
"2015","23",174,188,181,194.031699308532,0.422706292252735,170.138152264418,218.324734674323
"2015","24",174,188,181,193.342605865519,0.419821969403897,169.30601834712,217.235954446493
"2015","25",160,174,167,177.506234917833,0.421636493337475,153.353747015004,201.201135283559
"2015","26",160,174,162.410301955117,162.410301955117,0.422201267969604,138.316514385616,186.40656501051
"2015","27",160,174,166.992824833191,166.992824833191,0.420889931847231,142.96045663755,191.075727517704
"2015","28",160,174,170.199575888973,170.199575888973,0.41962490914561,146.338935352054,193.899214908229
"2015","29",146,160,153,142.053420065791,0.419485949125206,118.089818500433,165.897384769028
"2015","30",146,160,153,136.501282263099,0.420816095255464,112.454848876835,160.438837359348
"2015","31",174,188,184.635211112867,184.635211112867,0.421986544419014,160.722230578681,208.494106985851
"2015","32",174,188,186.422313846015,186.422313846015,0.421255368633994,162.672802363071,210.339380069275
"2015","33",174,188,181,191.53987635491,0.421464544449634,167.590775403592,215.435803617849
"2015","34",174,188,181,193.201836019117,0.419423980597373,169.270293036921,216.943118500367
"2015","35",174,188,181,191.375443980333,0.419278170492493,167.599437802157,215.09151012929
"2015","36",160,174,166.454514442488,166.454514442488,0.421274657660412,142.458628304921,190.310665058585
"2015","37",160,174,167.058434408403,167.058434408403,0.419738891557541,143.196963242286,190.94766007322
"2015","38",174,188,181,172.52469704597,0.420425690828734,148.789209496404,196.569550658905
"2015","39",160,174,167,147.674309610936,0.420115662549794,123.944374134359,171.352202510546
"2015","40",146,160,153,135.622439072953,0.42033516732651,111.713370899467,159.486784972111
"2015","41",174,188,184.528698531222,184.528698531222,0.419709326714726,160.66267523534,208.251157591137
"2015","42",174,188,187.935608559199,187.935608559199,0.420591614125879,164.057489618962,211.869785587369
"2015","43",174,188,181,195.299453248129,0.417351875174038,171.640705624978,219.013836758671
"2015","44",174,188,181,197.176244387181,0.419167874503115,173.207057694959,220.783386511009
"2015","45",174,188,181,200.867662398075,0.420563150521677,176.893573633535,224.844685375898
"2015","46",174,188,181,190.518439551437,0.421095778866024,166.73153547698,214.428519534259
"2015","47",160,174,167.154014316108,167.154014316108,0.418993396420501,143.503056888057,191.09201249573
"2015","48",160,174,167,151.712743731252,0.420898912548123,127.645213784132,175.738493456636
"2015","49",146,160,155.811618356172,155.811618356172,0.421582932198584,131.728067646701,179.771554264646
"2015","50",146,160,153,140.756155712496,0.422155005118884,116.857835366092,164.943067928859
"2015","51",174,188,178.585964366445,178.585964366445,0.419053873700867,154.562246068566,202.147458066932
"2015","52",160,174,172.885204130731,172.885204130731,0.419495404729955,148.974195819076,196.773090890202
"2015","53",174,188,181,195.35740611607,0.421158773949525,171.466995135145,219.211629851167
"2015","54",174,188,181,199.020307305995,0.42199375652382,175.091235767555,223.008526585466
"2015","55",188,NA,209.779982124109,209.779982124109,0.423842821915955,185.663296189462,234.095245035011
"2015","56",188,NA,208.932346750106,208.932346750106,0.425259831914751,184.694143146142,233.100057938567
"2015","57",160,174,163.177697106687,163.177697106687,0.418580169352104,139.331717886981,186.86402808413
"2015","58",160,174,160.311174764628,160.311174764628,0.422140663533708,136.291906521183,184.19092523853
"2015","59",160,174,167,149.360467517861,0.419710785685292,125.605620069352,173.253349100479
"2015","60",146,160,151.322270394205,151.322270394205,0.423448257774951,127.206609573186,175.31723282957
"2015","61",160,174,164.542091471388,164.542091471388,0.419471777113883,140.61107251174,188.35828853078
"2015","62",174,188,181,188.16541264962,0.421192859370746,164.144822734985,212.115117674158
"2015","63",188,NA,197.328418757394,197.328418757394,0.420246069236752,173.478930540066,221.200257944915
"2015","64",160,174,167,181.548485226269,0.420484683531006,157.602565723701,205.46787992766
"2015","65",188,NA,210.754719916928,210.754719916928,0.422717130351565,186.568858854162,234.828221665573
"2015","66",188,NA,209.85758941261,209.85758941261,0.425080814210763,185.694315739354,233.874275150678
"2015","67",160,174,161.857644942055,161.857644942055,0.419079978817572,138.132973624603,185.857467729821
"2015","68",160,174,167,158.573593610141,0.419968469224325,134.660371674254,182.294625518355
"2015","69",160,174,167,148.03294436591,0.424262036859491,124.165983714976,172.24779031971
"2015","70",146,160,153,145.661686920344,0.422124283158989,121.66495651995,169.754414466729
"2015","71",160,174,165.267154653489,165.267154653489,0.419192573153222,141.474132497437,189.199198413559
"2015","72",174,188,180.288843814816,180.288843814816,0.42095891697574,156.347989428165,204.191224792748
"2015","73",188,NA,191.810004058025,191.810004058025,0.419077532045758,167.963566151444,215.765911279714
"2015","74",188,NA,201.573368300005,201.573368300005,0.422404773682369,177.452599166384,225.554997837178
"2015","75",174,188,181,197.267077260508,0.42228712517776,173.184498408296,221.207336035613
"2015","76",174,188,181,199.431590162741,0.420543030897313,175.32561377831,223.282668655576
"2015","77",160,174,172.913075816144,172.913075816144,0.420685653300047,149.043295610194,196.906773567188
"2015","78",160,174,167,150.150377881644,0.421822250092215,126.228044629847,173.914190689108
"2015","79",160,174,167,157.0326260377,0.419505018171909,133.123294054466,180.641578807581
"2015","80",146,160,156.602102310945,156.602102310945,0.421004692476122,132.567472147146,180.289109050824
"2015","101",133,146,139.5,128.404620724496,0.419802924671341,104.475065690536,152.131948235153
"2015","201",133,146,139.5,127.152995146964,0.421690414856631,103.100001503193,151.153536250671
"2015","301",146,160,153,133.298124657513,0.421279056434129,109.442952901861,157.16471592056
"2015","401",146,160,153,135.832205442694,0.420078416573745,111.847704301352,159.599386047085
"2015","501",146,160,153,137.232802203999,0.424087138316853,113.064139260294,161.199078155423
"2015","601",146,160,153,135.797562805317,0.420285680714512,112.032011957812,159.612171581477
"2015","701",146,160,153,136.582064458469,0.41843606114251,112.508998156682,160.453251480356
"2015","801",146,160,151.593977501691,151.593977501691,0.418621085659573,127.951973542061,175.397000814028
"2016","1",172,187,176.343370782043,176.343370782043,0.421254885692475,152.365490600929,200.217887874016
"2016","2",172,187,175.309289298148,175.309289298148,0.421292706323882,151.600001415555,199.137749921546
"2016","3",158,172,165,173.305477036658,0.419465476017309,149.269681196164,197.165417713499
"2016","4",158,172,169.600994604735,169.600994604735,0.41828122151913,145.581496249945,193.433658310105
"2016","5",158,172,171.141896076025,171.141896076025,0.422448845465799,147.225828666578,195.119738989542
"2016","6",158,172,169.777236057807,169.777236057807,0.420715840211177,145.845494453947,193.640452079661
"2016","7",140,158,151.314082422029,151.314082422029,0.420708597058312,127.413923104401,175.481013189916
"2016","8",140,158,149.351922985325,149.351922985325,0.42101183940214,125.557805700024,173.357746943016
"2016","9",140,158,147.477332751645,147.477332751645,0.419405021488805,123.534499547483,171.427564173694
"2016","10",110,126,121.959939868635,121.959939868635,0.421693297025361,97.8467872089433,145.703357835357
"2016","11",172,187,179.136279618802,179.136279618802,0.420493114607661,155.479880363782,202.959363371789
"2016","12",172,187,175.915927910681,175.915927910681,0.422154386766978,151.870589587236,199.895038230539
"2016","13",172,187,185.905850420829,185.905850420829,0.422136983896638,161.658910276963,209.966855258618
"2016","14",158,172,165,175.639543206711,0.420487880556352,151.713808757891,199.387173140542
"2016","15",158,172,171.261916124451,171.261916124451,0.418156614445214,147.436623149075,194.950224362363
"2016","16",158,172,163.217722892479,163.217722892479,0.422977819746457,139.225478362475,187.207142445015
"2016","17",140,158,153.876931833388,153.876931833388,0.419486156023291,130.119717539352,177.773495088478
"2016","18",140,158,149,137.573109593408,0.4220546860603,113.658501957731,161.530779907687
"2016","19",140,158,149,134.392005770918,0.421432726667568,110.444318491353,158.368863898071
"2016","20",110,126,124.426439640748,124.426439640748,0.420979230837255,100.465209723197,148.40405228665
"2016","21",172,187,179.854161742673,179.854161742673,0.41723077044733,156.119203542005,203.557557346711
"2016","22",172,187,178.231146167892,178.231146167892,0.419827039489833,154.09446218256,202.185418946993
"2016","23",172,187,185.621511752498,185.621511752498,0.419431002366829,161.608677375846,209.283862837909
"2016","24",172,187,184.910904032532,184.910904032532,0.419011800738273,161.185530944149,208.824395102695
"2016","25",158,172,169.066182355706,169.066182355706,0.419964823056034,145.209834827687,192.902700615079
"2016","26",140,158,154.040294621962,154.040294621962,0.42126287838519,130.185966262695,177.797584126082
"2016","27",158,172,158.391538707593,158.391538707593,0.419328527384759,134.617942318785,182.129310788571
"2016","28",158,172,161.834505877515,161.834505877515,0.418152941801593,138.039344359296,185.745937660181
"2016","29",158,172,165,133.635835714612,0.422776494157809,109.920147499028,157.897502852933
"2016","30",110,126,118,128.126774435381,0.418155716556806,104.241071263784,152.083924016367
"2016","31",172,187,176.30147534284,176.30147534284,0.420063656078047,152.456851635705,200.149334592872
"2016","32",172,187,177.878133956738,177.878133956738,0.42324333436221,153.954368256589,201.911807615624
"2016","33",172,187,183.186200914144,183.186200914144,0.418475823563017,159.389521310036,206.764376739305
"2016","34",172,187,184.605317630449,184.605317630449,0.423509425997525,160.510502456595,208.737068775419
"2016","35",172,187,182.919296585087,182.919296585087,0.422948459428305,158.922971044875,206.768681491364
"2016","36",140,158,149,158.138911218283,0.421720964212816,134.222924176202,182.096517120847
"2016","37",140,158,149,158.687969872737,0.422906487468001,134.726717776078,182.853296921913
"2016","38",158,172,164.148023220778,164.148023220778,0.419902455290322,140.3252732549,188.011943173613
"2016","39",140,158,149,139.293246760821,0.418495148426723,115.328115303996,163.125862423957
"2016","40",126,140,127.207725880775,127.207725880775,0.42069576463667,103.205863707703,151.026149282109
"2016","41",172,187,176.110410798414,176.110410798414,0.417731745582218,152.308910349155,200.008819614802
"2016","42",172,187,179.323323482996,179.323323482996,0.417766256088826,155.494610261162,203.144622475113
"2016","43",172,187,186.80549747083,186.80549747083,0.422371346549649,162.883932348934,210.662488343066
"2016","44",172,187,179.5,188.636719428056,0.419196670976374,164.732721444198,212.446782025858
"2016","45",172,187,179.5,192.421324342553,0.421516124300337,168.554384209698,216.277214014863
"2016","46",172,187,181.898423502523,181.898423502523,0.421617684972765,158.081721698136,205.959265014642
"2016","47",140,158,149,158.643952692002,0.421397544461066,134.805078137154,182.686347182135
"2016","48",140,158,143.35236923833,143.35236923833,0.422926197262665,119.170864010768,167.284478513619
"2016","49",140,158,147.433316439292,147.433316439292,0.422145993461006,123.478294963988,171.443870455521
"2016","50",140,158,149,132.276334305871,0.420994275029778,108.427442407274,156.248878506484
"2016","51",158,172,170.271807368697,170.271807368697,0.418580718917481,146.651329714691,193.864745492955
"2016","52",158,172,164.482898887495,164.482898887495,0.42059125607997,140.588751772339,188.199092315877
"2016","53",172,187,186.939648563154,186.939648563154,0.420187891498544,163.109335923087,210.685735990254
"2016","54",172,187,179.5,190.668397621852,0.419067112886283,166.759386977395,214.636218792322
"2016","55",187,201,194,201.273508445591,0.420435799133223,177.351104623273,225.260904327619
"2016","56",187,201,200.424755792785,200.424755792785,0.421137177429692,176.483610708941,224.350440786784
"2016","57",140,158,154.685477670558,154.685477670558,0.420436590231061,130.769172038694,178.599080926305
"2016","58",140,158,151.754956149815,151.754956149815,0.420321434232058,127.887994052172,175.416297124749
"2016","59",140,158,140.86491737501,140.86491737501,0.419558754759788,116.961571020598,164.773625687446
"2016","60",140,158,142.759582398748,142.759582398748,0.422349395467504,118.647728151158,166.724917842826
"2016","61",158,172,165,156.031082011039,0.419246582236043,132.286477678992,179.793200935167
"2016","62",172,187,179.704070562736,179.704070562736,0.417778038538996,155.945644445742,203.553627569235
"2016","63",187,201,188.819545000164,188.819545000164,0.420577047782025,165.07707003804,213.115186834635
"2016","64",158,172,165,173.14329241996,0.420704352867834,149.375876782699,197.098165350274
"2016","65",187,201,194,202.222436781071,0.42473683885206,177.868213256107,226.378829666194
"2016","66",187,201,194,201.238855152106,0.422274700866839,177.576178387262,225.392444955296
"2016","67",140,158,153.493008500985,153.493008500985,0.419286746472419,129.958540095388,177.351929343921
"2016","68",140,158,150.0241538231,150.0241538231,0.421515642005044,126.091844025737,173.837498336698
"2016","69",140,158,149,139.545921149793,0.421835187620632,115.55129721216,163.321803571052
"2016","70",140,158,149,137.330786555221,0.418311810143074,113.501037978717,161.037304147918
"2016","71",158,172,165,156.783372546146,0.418277193940974,132.911830984389,180.479062769623
"2016","72",158,172,171.79290056843,171.79290056843,0.4198323596818,147.896130953949,195.564182411611
"2016","73",187,201,194,183.353763367547,0.419090733909812,159.312432092747,207.140588180159
"2016","74",187,201,193.100493138749,193.100493138749,0.419708577988178,169.235197978107,216.948968044587
"2016","75",172,187,179.5,188.676498810857,0.421748389584614,164.734541567629,212.568436130289
"2016","76",172,187,179.5,191.111669882629,0.419780121911752,166.986853841235,214.869444359648
"2016","77",158,172,164.474951310695,164.474951310695,0.420133868353439,140.499941509531,188.234469630632
"2016","78",140,158,141.718856455628,141.718856455628,0.419803995873212,117.913618615208,165.540978994148
"2016","79",140,158,148.588811902917,148.588811902917,0.422547327011057,124.600623267141,172.556083130385
"2016","80",158,172,165,148.162775085556,0.419135531976025,124.430465399108,171.959488829878
"2016","101",110,126,119.876263032018,119.876263032018,0.423808302098398,95.6608144064186,143.957185018747
"2016","201",110,126,118.625189369192,118.625189369192,0.421729006865695,94.7962105088127,142.816742412042
"2016","301",110,126,124.692589307805,124.692589307805,0.423414032103763,100.659631108361,148.594698793675
"2016","401",110,126,118,127.465202921475,0.420854357374642,103.736591277309,151.397554061006
"2016","501",140,158,149,128.720656331295,0.419512735265044,104.786343359458,152.587933212376
"2016","601",140,158,149,127.560609100296,0.42317147733671,103.513234870631,151.684274822555
"2016","701",140,158,149,128.078639355148,0.419254303446406,104.232375196811,151.930853989629
"2016","801",140,158,143.11474900321,143.11474900321,0.419253894797011,119.387115737219,166.97172740662
"2017","1",171,186,178.5,188.536566420835,0.419065806745251,164.741210581274,212.421053428184
"2017","2",171,186,178.5,187.449212127076,0.422302341891465,163.61814164188,211.595339415683
"2017","3",171,186,185.531586510679,185.531586510679,0.42038451268145,161.730981505323,209.326857338757
"2017","4",171,186,181.806953074647,181.806953074647,0.420223267582455,157.859829008192,205.592915212597
"2017","5",171,186,183.18172351012,183.18172351012,0.420247440039067,159.299669738452,206.923488656815
"2017","6",171,186,181.953295521327,181.953295521327,0.419363267760349,158.32629987649,205.856765801836
"2017","7",157,171,163.567900632111,163.567900632111,0.41804320457598,139.837712342867,187.344845139761
"2017","8",143,157,150,161.312131461908,0.420312366280284,137.496341458143,185.156637482306
"2017","9",143,157,150,159.659285925539,0.418721509807005,136.086043479105,183.632549467911
"2017","10",143,157,150,134.068782255649,0.421457440498796,110.14121795544,158.089521378335
"2017","11",186,199,191.438449736559,191.438449736559,0.419023707792756,167.485091689122,215.242381122178
"2017","12",171,186,178.5,188.174970117342,0.420121981574878,164.307187301715,212.112600212198
"2017","13",186,199,197.956290429829,197.956290429829,0.419120156333276,174.065041560017,221.806165709181
"2017","14",171,186,178.5,187.699517827082,0.420929896568732,163.763424642236,211.625122175605
"2017","15",171,186,183.363691960709,183.363691960709,0.420424102626451,159.307946802762,207.088446011334
"2017","16",171,186,175.242994931042,175.242994931042,0.42013040676513,151.437469798046,199.160921407348
"2017","17",157,171,165.978673627476,165.978673627476,0.419497363716124,141.878113107834,189.864461294034
"2017","18",143,157,149.642236726797,149.642236726797,0.420943568983789,125.625918727833,173.457018521359
"2017","19",143,157,146.623179540769,146.623179540769,0.421267092245569,122.644692676725,170.704887726765
"2017","20",143,157,150,136.555211591096,0.423794041461467,112.377121071484,160.729260556142
"2017","21",186,199,191.930044827374,191.930044827374,0.419536458569853,168.326463986404,215.790254204299
"2017","22",186,199,190.41510574449,190.41510574449,0.419959597344673,166.597724179936,214.285296949635
"2017","23",186,199,197.51726315507,197.51726315507,0.419617340172478,173.628861482319,221.141106237762
"2017","24",186,199,196.897759099,196.897759099,0.421142024450068,172.851805673065,220.854326771183
"2017","25",171,186,181.178605059377,181.178605059377,0.418532025843195,157.432971508536,204.928136260571
"2017","26",157,171,166.100756999969,166.100756999969,0.419997375121204,142.264347049091,190.096892942136
"2017","27",157,171,170.688451651336,170.688451651336,0.419798584718614,147.017642609928,194.67006321649
"2017","28",157,171,164,173.959264670552,0.421523260464899,150.000575502417,197.866903625093
"2017","29",143,157,145.710375394481,145.710375394481,0.420600446182642,121.916552975998,169.641785743589
"2017","30",143,157,150,140.250583088417,0.41931196651651,116.488522169613,164.054360289221
"2017","31",186,199,188.281676856756,188.281676856756,0.419074209145885,164.323627940442,212.00544634336
"2017","32",186,199,190.038969352627,190.038969352627,0.419285522917878,166.293326758274,213.808147288066
"2017","33",186,199,195.224494118064,195.224494118064,0.418487082375818,171.431993982546,218.998533800068
"2017","34",186,199,196.920995570318,196.920995570318,0.420010804297504,173.190984621346,220.684761451792
"2017","35",186,199,195.17442425106,195.17442425106,0.420028168871998,171.378210238483,218.978900958102
"2017","36",157,171,170.165093251099,170.165093251099,0.422256639543433,146.340001643877,194.259015025109
"2017","37",157,171,170.78593673285,170.78593673285,0.421457124532787,146.748764621692,194.924846972566
"2017","38",143,157,150,176.170454110082,0.421289168914422,152.121160844426,200.202152325655
"2017","39",143,157,151.478867917989,151.478867917989,0.419134555727588,127.665250490781,175.436139566562
"2017","40",143,157,150,139.062532990009,0.42234429460856,115.301375276919,163.059078732344
"2017","41",171,186,178.5,188.189772791316,0.420711904804723,164.14084613265,212.153879101245
"2017","42",186,199,191.528681279348,191.528681279348,0.420839730748312,167.633946451449,215.531792344222
"2017","43",199,220,209.5,198.983808369933,0.416259115530629,175.327275278129,222.82291133311
"2017","44",199,220,200.788781388722,200.788781388722,0.420550649427471,176.872952572525,224.736037069579
"2017","45",199,220,204.619406336585,204.619406336585,0.424900956196439,180.444287563702,228.743852778303
"2017","46",186,199,194.222097490813,194.222097490813,0.418988840328625,170.376252059935,218.110371742492
"2017","47",157,171,170.760995810469,170.760995810469,0.421598164355337,146.991387950768,194.720406965418
"2017","48",143,157,155.377649226001,155.377649226001,0.419560970405283,131.44567878237,179.086950861889
"2017","49",143,157,150,159.546368368021,0.418710891237991,135.735659042326,183.192246929695
"2017","50",143,157,144.543167150856,144.543167150856,0.424283318919749,120.520637642205,168.508798376046
"2017","51",171,186,182.453200904208,182.453200904208,0.421490021474075,158.44638028968,206.482069069659
"2017","52",171,186,176.398751891977,176.398751891977,0.417310019809851,152.741427708865,200.396277989694
"2017","53",199,220,199.08381237281,199.08381237281,0.421820920001904,175.233835270332,223.095374674475
"2017","54",199,220,202.861578014633,202.861578014633,0.422488642078784,179.012081649778,226.818384086149
"2017","55",199,220,213.32485287772,213.32485287772,0.421410431975411,189.420466208866,237.253265329205
"2017","56",199,220,212.499330326573,212.499330326573,0.423559129335795,188.495099869063,236.711678769345
"2017","57",157,171,166.82828915023,166.82828915023,0.421973740878818,142.813576338919,190.682849379471
"2017","58",143,157,150,164.022104550378,0.41968664617282,140.27608567217,187.514656741173
"2017","59",143,157,152.915402289118,152.915402289118,0.419283062194432,129.214103762066,176.607097880027
"2017","60",143,157,154.950426130151,154.950426130151,0.419933802242244,131.264462604023,178.88525622934
"2017","61",157,171,168.21103782619,168.21103782619,0.419631485165551,144.453290797018,192.113890821862
"2017","62",186,199,191.917855109391,191.917855109391,0.422492213410324,168.036773405671,215.845190506621
"2017","63",199,220,200.857257396947,200.857257396947,0.42044674493754,176.935742695726,224.716329267633
"2017","64",186,199,192.5,185.323615861732,0.42093186660434,161.407572224826,209.259919803567
"2017","65",220,NA,220,214.484930994519,0.423709434380658,190.23859391342,238.666997651529
"2017","66",199,220,213.449483423112,213.449483423112,0.425051405245732,189.163255942422,237.436504698444
"2017","67",157,171,165.540790076722,165.540790076722,0.421686620584361,141.494949189987,189.506527322537
"2017","68",143,157,150,162.163980218859,0.417680576378881,138.470558667373,185.905206229978
"2017","69",143,157,151.814860710885,151.814860710885,0.419838003260357,127.906012768428,175.612351350528
"2017","70",143,157,149.35667415965,149.35667415965,0.420451723509227,125.509150588329,173.240971137341
"2017","71",157,171,168.992499251605,168.992499251605,0.419711406395599,145.056352030747,192.893313855831
"2017","72",171,186,183.951173977742,183.951173977742,0.420216343047031,160.094103999956,207.900305758219
"2017","73",199,220,209.5,195.593163516745,0.42029837268278,171.61356139919,219.351657145812
"2017","74",199,220,205.210799076163,205.210799076163,0.422917443936094,181.12933463978,229.506597900895
"2017","75",199,220,200.832865809947,200.832865809947,0.418944923167002,177.423611510768,224.951193436497
"2017","76",199,220,203.079582391221,203.079582391221,0.420951208628765,179.292807035684,227.203551053864
"2017","77",171,186,176.633234404321,176.633234404321,0.418862857852067,152.980109608854,200.482949724303
"2017","78",143,157,153.876584447516,153.876584447516,0.420005205485301,129.883098242702,177.768481003021
"2017","79",157,171,160.735099324017,160.735099324017,0.419170252944119,136.930306524659,184.557352526051
"2017","80",157,171,160.263442089598,160.263442089598,0.42000512473298,136.51467982047,184.265252873979
"2017","101",143,157,150,131.946511488197,0.419044855360611,108.045732570895,155.716742754372
"2017","201",143,157,150,130.833414044918,0.421984293432203,106.779720688521,154.590088868294
"2017","301",143,157,150,136.850365296623,0.421062366986018,112.592983038363,160.778776498462
"2017","401",143,157,150,139.656537914869,0.421961525944177,115.534356532789,163.573021680068
"2017","501",143,157,150,140.909188229644,0.419623344222669,117.060377322607,164.647589161873
"2017","601",143,157,150,139.625884802143,0.420206059024575,115.633258325055,163.435217513346
"2017","701",143,157,150,140.206866135156,0.419315845184017,116.699439660847,164.219305237066
"2017","801",157,171,164,155.323256993789,0.422226225907139,131.167271790208,179.207206981887
"2018","1",149,163,155.863267893668,155.863267893668,0.418863231883075,132.119889207617,179.559506005541
"2018","2",149,163,154.615344582699,154.615344582699,0.418068890194908,130.996859675382,178.412256345457
"2018","3",149,163,152.818449595776,152.818449595776,0.422383368215114,128.785044851282,176.750394690089
"2018","4",149,163,149.069300108762,149.069300108762,0.419350973885142,125.341114129378,173.019576114715
"2018","5",149,163,150.395516915326,150.395516915326,0.42102173122358,126.400073724395,174.274493969396
"2018","6",149,163,149.276316967728,149.276316967728,0.420925653696891,124.937510008349,173.048359544237
"2018","7",121,138,130.655238414862,130.655238414862,0.419181746207368,106.765658979565,154.34034520516
"2018","8",121,138,128.777565540647,128.777565540647,0.418626072553771,105.054529175724,152.829016058137
"2018","9",121,138,126.888827306503,126.888827306503,0.420872659146265,102.944524823714,150.831985772386
"2018","10",93,107,101.401006702672,101.401006702672,0.418592484811714,77.7837165593235,125.372434989615
"2018","11",149,163,158.720567164803,158.720567164803,0.420685507525436,134.653728567527,182.600834754716
"2018","12",149,163,155.392788105881,155.392788105881,0.4203694508074,131.617032079585,179.065829977516
"2018","13",163,184,165.231167212098,165.231167212098,0.420503716083331,141.390744065402,189.234723305743
"2018","14",149,163,154.956614797871,154.956614797871,0.420496459437878,130.937869920069,178.689109460162
"2018","15",149,163,150.597454403847,150.597454403847,0.420028795352105,126.862607401774,174.33929086884
"2018","16",149,163,156,142.460365936805,0.42172930053545,118.64153296791,166.477648365314
"2018","17",121,138,133.135998786413,133.135998786413,0.41860457880396,109.461496554373,157.083411358435
"2018","18",107,121,116.953637299918,116.953637299918,0.419757863855613,93.0454415742967,140.877425211712
"2018","19",93,107,100,113.871753831663,0.42144863514484,89.9578371877148,137.742115675232
"2018","20",93,107,103.784333246859,103.784333246859,0.422715597066908,79.7557064079837,127.49338399949
"2018","21",149,163,159.215356722081,159.215356722081,0.419716216128157,135.285925980273,182.969284087884
"2018","22",149,163,157.652183687469,157.652183687469,0.416336709741412,133.81426108568,180.998970744381
"2018","23",163,184,164.91894844096,164.91894844096,0.422608276313582,140.860553095417,189.092660909875
"2018","24",163,184,164.157528398728,164.157528398728,0.420553107095259,140.272110661408,187.963856010155
"2018","25",149,163,156,148.496900062034,0.421978286212705,124.602287987506,172.44414814997
"2018","26",121,138,133.350530303058,133.350530303058,0.419586105857012,109.309108357821,157.100444943154
"2018","27",138,149,143.5,137.893463037831,0.420979217570844,113.842116601579,161.722709734629
"2018","28",149,163,156,141.17500161633,0.419910978248786,117.287390162837,164.844189957047
"2018","29",93,107,100,112.897850557913,0.420149775090522,89.1772148795045,136.719280600072
"2018","30",93,107,100,107.390770341377,0.418401035689193,83.4005273006077,131.073343172257
"2018","31",149,163,155.690360496806,155.690360496806,0.420158207328678,131.891568893455,179.541570508695
"2018","32",149,163,157.320314366835,157.320314366835,0.420784855965711,133.44187441137,181.126673759352
"2018","33",163,184,173.5,162.523918593202,0.420529356053065,138.701730132995,186.325950665342
"2018","34",163,184,164.039273628655,164.039273628655,0.418367684886972,140.26261106441,187.630629423754
"2018","35",149,163,162.35364318679,162.35364318679,0.422172358816804,138.413151802328,186.542062933721
"2018","36",121,138,137.425216966877,137.425216966877,0.420554223648007,113.570010138609,161.455470576164
"2018","37",138,149,143.5,137.989474918889,0.419219499070496,114.224100552586,161.849344942111
"2018","38",121,138,129.5,143.248700990153,0.417625779260473,119.433853277737,166.916040767559
"2018","39",107,121,118.601700152963,118.601700152963,0.420800319669752,94.8111876499748,142.514713958926
"2018","40",93,107,106.393588756307,106.393588756307,0.420776437509916,82.2707977715244,130.316515082166
"2018","41",149,163,155.436541131391,155.436541131391,0.420792708607162,131.607015263165,179.522946521336
"2018","42",149,163,158.902977423543,158.902977423543,0.421045709056945,135.022621135081,182.787969833879
"2018","43",163,184,166.179358619634,166.179358619634,0.418323804828519,142.485316921154,190.07479641285
"2018","44",163,184,168.072756021308,168.072756021308,0.423023034471176,144.137056450734,192.27540209231
"2018","45",163,184,171.72613940162,171.72613940162,0.420743689765616,147.503574096126,195.573150043037
"2018","46",149,163,161.378266466749,161.378266466749,0.423613175377367,137.238697611317,185.535080718903
"2018","47",121,138,129.5,138.063207623047,0.422131795058781,113.999278947851,162.198517942866
"2018","48",107,121,114,122.780970488503,0.420162667188483,98.8095735275841,146.615216861772
"2018","49",121,138,126.730402966805,126.730402966805,0.420502147313485,102.893913788906,150.585339265659
"2018","50",93,107,100,111.638418653444,0.42356918491838,87.4629008974689,135.668491185008
"2018","51",149,163,149.679397207688,149.679397207688,0.418317078687981,125.894085045701,173.531478244257
"2018","52",138,149,143.769281349326,143.769281349326,0.418969001453339,119.860649262042,167.570581419486
"2018","53",163,184,166.248594638824,166.248594638824,0.419118599396812,142.47728904312,190.06451884293
"2018","54",163,184,170.081436555476,170.081436555476,0.41881370709797,146.204133301816,193.873524059789
"2018","55",163,184,180.649042488586,180.649042488586,0.42235077345049,156.444547281525,204.638236886304
"2018","56",184,NA,184,179.952811219168,0.420266935770104,156.064493614399,203.745806346191
"2018","57",121,138,134.15474179973,134.15474179973,0.420055162782721,110.248074444924,157.911152542716
"2018","58",121,138,131.234647372713,131.234647372713,0.420735717134846,107.22436722248,155.090717444923
"2018","59",107,121,120.359843378429,120.359843378429,0.420541813560453,96.5673195581653,144.345600507622
"2018","60",121,138,122.158727480688,122.158727480688,0.419235830008072,98.3903166110103,146.054353378323
"2018","61",138,149,143.5,135.414220586928,0.421927587511519,111.160825693519,159.282965191118
"2018","62",149,163,159.13086972272,159.13086972272,0.420921565995449,135.465686488126,183.269156921284
"2018","63",163,184,168.20884714993,168.20884714993,0.419324702167031,144.349935104594,191.970233209242
"2018","64",149,163,152.515811832262,152.515811832262,0.419426475803949,128.761231418955,176.582109987865
"2018","65",163,184,181.635317406278,181.635317406278,0.422976940530931,157.614075116483,205.791802769957
"2018","66",184,NA,184,180.702846292351,0.422760172538559,156.509334942405,204.834030484613
"2018","67",107,121,114,132.887578360474,0.419356065956944,109.251322090585,156.698245846115
"2018","68",121,138,129.362449001526,129.362449001526,0.418258845754934,105.409858417061,153.121634300535
"2018","69",93,107,100,119.018599930693,0.420095938443238,95.3149694415745,142.981647726204
"2018","70",93,107,100,116.662144436716,0.419959857467132,92.6773092083197,140.459355369821
"2018","71",138,149,143.5,136.238391104569,0.417566805852153,112.468867754311,159.798238960038
"2018","72",149,163,151.159026713609,151.159026713609,0.420576939820085,127.550481383614,175.250932359309
"2018","73",149,163,162.711514275928,162.711514275928,0.421956998868256,138.713008538768,186.583777535332
"2018","74",163,184,172.367411794424,172.367411794424,0.420407061447426,148.524280764744,196.041058406133
"2018","75",163,184,168.064359329539,168.064359329539,0.422099349733819,144.037267078812,191.93099438065
"2018","76",163,184,170.311479878045,170.311479878045,0.422364382391143,146.558721281952,194.518747381551
"2018","77",149,163,156,143.86959025299,0.418297807813369,120.129652707458,167.680388074528
"2018","78",107,121,114,121.013686166223,0.417539123600279,97.2071627306786,144.691865933171
"2018","79",121,138,127.911027131333,127.911027131333,0.41875718643724,104.442463744551,151.672070806801
"2018","80",121,138,127.683749056277,127.683749056277,0.422111220194227,103.596218677656,151.664979462573
"2018","101",93,107,99.4158168476444,99.4158168476444,0.421358124567651,75.3834048607404,123.209643463544
"2018","201",93,107,98.0381267743846,98.0381267743846,0.420993133408932,74.0587502733477,121.974311811447
"2018","301",93,107,103.995237815935,103.995237815935,0.420204276897248,79.9649233341712,127.83855685519
"2018","401",93,107,106.845618907045,106.845618907045,0.420369001756476,83.1110241193693,130.599953126267
"2018","501",93,107,100,108.077963024017,0.41931461282514,84.1938387793455,131.773432739227
"2018","601",93,107,106.770167860015,106.770167860015,0.421922327444075,82.8447627562338,130.610302970512
"2018","701",93,107,100,107.445596985116,0.417668127264165,83.5462826239798,131.027165279761
"2018","801",121,138,122.691572635954,122.691572635954,0.419031271691448,98.7727223660475,146.241499586189
"2019","1",176,190,183,193.265984059817,0.419205940964347,169.60224659842,217.129510427953
"2019","2",176,190,183,192.011458350883,0.420451571292126,168.120799453366,215.85808020589
"2019","3",176,190,183,190.132095347134,0.421494603664,165.986491600572,213.692918041315
"2019","4",176,190,186.388337840978,186.388337840978,0.421092836084573,162.375736255237,210.181371917691
"2019","5",176,190,187.893801860598,187.893801860598,0.419176051474122,164.33639416147,211.759955667841
"2019","6",176,190,186.716244046503,186.716244046503,0.421078828733663,162.790971476988,210.887881538427
"2019","7",176,190,183,168.162172269109,0.419211210418581,144.33542669484,191.677542654548
"2019","8",176,190,183,166.237469245467,0.418813764463692,142.453140645896,190.301602930313
"2019","9",176,190,183,164.338921177214,0.417166724145539,140.579427083106,188.064630062277
"2019","10",148,162,155,138.836750929156,0.420581539303529,114.818720329635,162.817995734117
"2019","11",190,204,196.051593836164,196.051593836164,0.419694589307791,172.396139327543,219.997111659565
"2019","12",190,204,192.813403480748,192.813403480748,0.421135737259076,168.78650047871,216.768845433718
"2019","13",190,204,202.66944216272,202.66944216272,0.415615034957477,179.171485499037,226.315616631669
"2019","14",190,204,192.47303779592,192.47303779592,0.419754262112318,168.744726229117,216.352884592013
"2019","15",176,190,188.002359400045,188.002359400045,0.422194761831703,164.052850230673,212.015038604259
"2019","16",176,190,179.871028597407,179.871028597407,0.419406983885415,156.076055506513,203.950657258509
"2019","17",176,190,183,170.652682615285,0.420497972451931,146.754508712132,194.690658954021
"2019","18",148,162,154.452219928519,154.452219928519,0.420251354453941,130.463401955627,178.367426167454
"2019","19",148,162,151.140368725941,151.140368725941,0.420743803951127,127.2578263379,175.138639894586
"2019","20",148,162,155,141.159958407918,0.418222440912554,117.44150983378,164.871903522844
"2019","21",190,204,196.639131671588,196.639131671588,0.420643966523418,172.590297985948,220.35471105216
"2019","22",190,204,195.058147566689,195.058147566689,0.421664650622213,171.05272275752,219.055872934487
"2019","23",190,204,202.410085422046,202.410085422046,0.419749529860812,178.565926877933,225.92528211921
"2019","24",190,204,201.561526609957,201.561526609957,0.421796918606002,177.730309413985,225.314486491227
"2019","25",176,190,185.988037769378,185.988037769378,0.420887340503445,161.82727349045,209.880877106856
"2019","26",176,190,183,170.771416768717,0.423746723066765,146.569909769704,194.796472578134
"2019","27",176,190,183,175.290500400715,0.418308023347652,151.537556583093,198.93947991006
"2019","28",176,190,178.64100322857,178.64100322857,0.416268030564449,154.992779439567,202.363220351742
"2019","29",148,162,150.309407272809,150.309407272809,0.420538295916935,126.42568606042,174.248742956533
"2019","30",122,137,129.5,144.807715444445,0.421185575181454,121.0327138757,168.922456979386
"2019","31",190,204,193.033840027719,193.033840027719,0.42194818256143,168.909946078435,217.082794445352
"2019","32",190,204,194.678034343745,194.678034343745,0.42220498539912,170.79560307948,218.769841314316
"2019","33",190,204,200.050392792426,200.050392792426,0.419252038486693,176.175940960187,223.823931895672
"2019","34",190,204,201.531360665244,201.531360665244,0.420336829495768,177.518939864286,225.398098327115
"2019","35",190,204,199.715918273798,199.715918273798,0.421344897628225,175.586962693577,223.424980146816
"2019","36",176,190,183,174.818714765548,0.421956865771843,150.911468718298,198.904261703465
"2019","37",176,190,183,175.443927089465,0.420300672017031,151.82985614749,199.361486421931
"2019","38",148,162,155,180.787543707985,0.419670776531564,156.802477450196,204.683917601795
"2019","39",148,162,156.102497773309,156.102497773309,0.419976486705788,132.290772697,179.913321376788
"2019","40",122,137,129.5,143.822592499355,0.419541272102492,120.042125050525,167.606870148932
"2019","41",190,204,192.898402092651,192.898402092651,0.419563827895745,169.287370400733,216.823081160779
"2019","42",190,204,196.183578799794,196.183578799794,0.418400602366859,172.259798928174,219.848329711182
"2019","43",190,204,203.722529557757,203.722529557757,0.420674059092978,179.719285300353,227.787405566558
"2019","44",190,204,197,205.421559248828,0.42217783948384,181.762528640107,229.675194170817
"2019","45",204,218,209.111958418136,209.111958418136,0.421093047216069,185.153115192344,233.155912782835
"2019","46",190,204,198.841581047307,198.841581047307,0.421752379025493,174.982358173428,222.7617980349
"2019","47",176,190,183,175.435148438596,0.420931466555502,151.586177516212,199.422698341037
"2019","48",148,162,160.089181801359,160.089181801359,0.422928884512625,136.017031741318,184.284478087627
"2019","49",148,162,155,164.25996465391,0.421746452093396,140.409118350453,188.182536356971
"2019","50",122,137,129.5,149.169832814863,0.422745193241381,125.226379728759,173.173054296746
"2019","51",176,190,186.958435224192,186.958435224192,0.419553237249775,163.075572129468,210.799195976393
"2019","52",176,190,181.268599107658,181.268599107658,0.42298753732104,157.182808357828,205.372676199762
"2019","53",190,204,203.791458856971,203.791458856971,0.420142058997049,180.037020233092,227.578644875351
"2019","54",190,204,197,207.510695709895,0.42067049124255,183.76583211286,231.644878747822
"2019","55",204,218,211,218.156883716754,0.4218299974426,194.191859051656,242.161858585625
"2019","56",204,218,217.263874412887,217.263874412887,0.423507657712523,193.28805068391,241.267789403196
"2019","57",176,190,183,171.564848682242,0.421783383339232,147.431329473235,195.27696744222
"2019","58",176,190,183,168.641024780276,0.420013503206441,144.65315780686,192.403647930221
"2019","59",176,190,183,157.707545445079,0.420988312602538,133.756467805664,181.573844923911
"2019","60",148,162,159.565367470746,159.565367470746,0.419942004926126,135.759547235846,183.608199370856
"2019","61",176,190,183,172.776299259589,0.420937404968408,148.943746436057,196.702386522927
"2019","62",190,204,196.541136502795,196.541136502795,0.417546831533423,172.923279627828,220.321565522571
"2019","63",190,204,197,205.529325529576,0.421400644456586,181.713593626622,229.543730212614
"2019","64",176,190,183,190.050523940591,0.418310061523913,166.32167573039,213.779107698187
"2019","65",204,218,211,218.991561320218,0.423823712453551,194.837687971703,243.180118636563
"2019","66",204,218,211,218.221891192805,0.422412916341351,194.080796073108,242.187185007365
"2019","67",176,190,183,170.362599544099,0.416629108356323,146.795498562665,194.062679536964
"2019","68",176,190,183,166.967022373344,0.417907420532271,143.194911061824,190.718855633718
"2019","69",148,162,156.498344180723,156.498344180723,0.418841225541457,132.536597967169,180.265337413215
"2019","70",176,190,183,154.13399108525,0.419894143834465,130.416307470874,178.033108709288
"2019","71",176,190,183,173.618650729412,0.419645319550118,149.864974011388,197.550272990707
"2019","72",176,190,188.78633195643,188.78633195643,0.420198750635528,164.852215141614,212.873547596642
"2019","73",190,204,200.297370690032,200.297370690032,0.419815837400057,176.501734387772,224.0871629736
"2019","74",204,218,209.896406212166,209.896406212166,0.422856514575305,185.950245693724,233.957893373383
"2019","75",190,204,197,205.627418157225,0.419843498651314,182.126646316697,229.746507727341
"2019","76",204,218,207.812622335774,207.812622335774,0.420573976674699,184.084189112892,231.660403063503
"2019","77",176,190,181.384006760202,181.384006760202,0.420046757289671,157.548857987118,205.272838239912
"2019","78",148,162,158.598439112793,158.598439112793,0.417920619076757,134.736544672199,182.172491041974
"2019","79",162,176,165.398511076491,165.398511076491,0.419596144442882,141.700859581193,189.1635130062
"2019","80",162,176,165.069945719416,165.069945719416,0.418750459160781,141.364411124868,188.830909462991
"2019","101",122,137,136.722292800791,136.722292800791,0.419876006277873,112.680342184996,160.463578192528
"2019","201",122,137,135.479262889629,135.479262889629,0.41961132082748,111.55885250022,159.291090967865
"2019","301",122,137,129.5,141.561311180989,0.419640451064007,117.557112937592,165.083321143053
"2019","401",176,190,183,144.276229573338,0.421372083087534,120.447191149449,168.544722399613
"2019","501",122,137,129.5,145.664449752154,0.420141725698255,121.902448659161,169.798580402367
"2019","601",122,137,129.5,144.337770479213,0.420467330609052,120.513588026593,168.29141462901
"2019","701",122,137,129.5,144.883418753926,0.417280812843602,121.268475377077,168.764342039828
"2019","801",148,162,159.993243609935,159.993243609935,0.418176628507873,136.221879186187,183.723495161376
"2020","1",168,182,175,165.828540850698,0.420654362619006,141.68325975641,189.606476534902
"2020","2",168,182,175,164.675029363716,0.419457380875159,140.994611184934,188.387504386797
"2020","3",168,182,175,162.833071605504,0.422080914472115,138.696642991615,186.757863117653
"2020","4",154,168,159.040791962457,159.040791962457,0.416657449174528,135.521690771076,182.787364731736
"2020","5",154,168,160.547430709451,160.547430709451,0.419311866157952,136.623930472598,184.186278061321
"2020","6",154,168,159.186752697489,159.186752697489,0.421418666326916,135.497151714311,183.117547923053
"2020","7",129,140,134.5,140.871961266516,0.422088309125317,117.119056615295,164.977330320311
"2020","8",129,140,138.834814803712,138.834814803712,0.418384087188693,114.937905361407,162.457294371032
"2020","9",129,140,137.0953530978,137.0953530978,0.422311602071126,113.062720409642,161.03851206714
"2020","11",168,182,168.690444332123,168.690444332123,0.421437110401866,144.757969989315,192.659382944263
"2020","12",168,182,175,165.428833589955,0.418997915848759,141.473352450436,189.022119498627
"2020","13",168,182,175.274389942102,175.274389942102,0.419755423560875,151.549763114362,199.14651779182
"2020","14",154,168,165.035525509062,165.035525509062,0.41861534243344,141.049131011856,188.783333252557
"2020","15",154,168,160.590031939836,160.590031939836,0.420754799343961,136.800931284745,184.56579492556
"2020","16",154,168,161,152.714862118909,0.41895546540773,128.954539255435,176.865723572414
"2020","17",129,140,134.5,143.223571481034,0.419605600733493,119.280016142821,167.004343909988
"2020","21",168,182,169.215966689319,169.215966689319,0.419347253333899,145.587085562589,193.114203939345
"2020","22",168,182,175,167.657587255212,0.421226769645815,143.703007725068,191.195971144017
"2020","23",168,182,174.929854527043,174.929854527043,0.421386360541423,150.981195450628,198.876102477666
"2020","24",168,182,174.199832912721,174.199832912721,0.420985222271095,150.235270749805,198.013643759894
"2020","25",154,168,158.743086282908,158.743086282908,0.420310644424273,134.86491473193,182.698149098268
"2020","26",129,140,134.5,143.383768737839,0.419786970389695,119.573694091984,167.305295063834
"2020","27",140,154,147.966168134903,147.966168134903,0.4212647589047,124.066126146444,171.823526436909
"2020","28",140,154,151.336712603036,151.336712603036,0.416940609946076,127.6931801938,175.212142387174
"2020","31",168,182,175,165.745427713589,0.418531673790114,141.797213785847,189.466845537493
"2020","32",168,182,175,167.434107351227,0.42011489424477,143.623529023726,191.389414806507
"2020","33",168,182,172.558396385834,172.558396385834,0.422629054650875,148.377615592443,196.696791716916
"2020","34",168,182,174.267765340952,174.267765340952,0.420860721748468,150.409350430631,198.296485389423
"2020","35",168,182,172.512634550208,172.512634550208,0.420937346306394,148.613689385478,196.291436319067
"2020","36",140,154,147.511826565952,147.511826565952,0.419008943533625,123.422232723298,171.183906902795
"2020","37",140,154,148.145495197416,148.145495197416,0.421631850250099,124.136095399179,171.847598930917
"2020","38",129,140,134.5,153.603840400606,0.42077555969591,129.662012191516,177.526694822582
"2020","39",140,154,147,128.636027861039,0.418054245837407,104.869469285979,152.288972169611
"2020","41",168,182,175,165.623934530145,0.418866907146903,141.738027847168,189.219476375953
"2020","42",168,182,168.867327837253,168.867327837253,0.418012001409814,145.087809261233,192.528156722774
"2020","43",168,182,176.365432170766,176.365432170766,0.419210738023425,152.578764051739,200.357401338549
"2020","44",168,182,178.11414567954,178.11414567954,0.420271577839374,154.067055255148,201.826376418595
"2020","45",182,196,189,181.912397894585,0.422978262992604,157.895151188195,205.937210623515
"2020","46",168,182,171.485191164023,171.485191164023,0.422671271629316,147.297226290868,195.40820199288
"2020","47",140,154,148.171738043075,148.171738043075,0.423428668471518,124.003901321181,172.099170727784
"2020","51",154,168,159.715594598302,159.715594598302,0.421740927912451,135.881711024037,183.581862506483
"2020","52",154,168,161,153.822866900997,0.421732288621048,129.943330618391,177.872269905281
"2020","53",182,196,189,176.335884403332,0.42012962492297,152.307133793444,200.248036868828
"2020","54",168,182,180.22109779604,180.22109779604,0.422303883585335,156.257380205286,204.186614115216
"2020","55",196,203,199.5,190.707916029804,0.421312397392094,166.662784028443,214.495711917277
"2020","56",196,203,199.5,189.90877887525,0.424157585989903,165.867909131163,213.932674048358
"2020","57",129,140,134.5,144.313089939138,0.422090961902924,120.443314767463,168.254526690193
"2020","58",129,140,134.5,141.410593756963,0.419816750126286,117.66241247239,165.280731695618
"2020","60",129,140,132.299899933481,132.299899933481,0.423096468605671,108.455270652562,156.448931655138
"2020","61",140,154,145.492410142387,145.492410142387,0.418783333160932,121.510479371032,169.435031325312
"2020","62",168,182,169.229232410625,169.229232410625,0.419191034212569,145.305179170493,193.015123088412
"2020","63",182,196,189,178.200351609709,0.423301018089065,154.221214547871,202.386021514825
"2020","64",154,168,162.559018997353,162.559018997353,0.422482927903704,138.41941164785,186.6760536861
"2020","65",196,203,199.5,191.607723330025,0.422952203641977,167.587559422896,215.694488876163
"2020","66",196,203,199.5,190.794292442984,0.423186189798323,166.974153578384,214.774205242161
"2020","67",129,140,134.5,142.948312422151,0.418236818319049,119.096258437762,166.931927117298
"2020","68",129,140,139.422176718952,139.422176718952,0.421588808065589,115.321593957975,163.036293918705
"2020","71",140,154,146.287491060166,146.287491060166,0.421004506920701,122.19975853029,170.185702749572
"2020","72",154,168,161.351933789828,161.351933789828,0.418325093026138,137.601067383611,185.128158122112
"2020","73",168,182,172.900273698167,172.900273698167,0.422944690258925,148.843307205392,196.713538217806
"2020","74",182,196,182.559084254827,182.559084254827,0.421484256726975,158.525644365735,206.440658254612
"2020","75",182,196,189,178.243225340014,0.419141724172712,154.333925391365,202.010603854397
"2020","76",182,196,189,180.494304887274,0.422533731693576,156.566726199799,204.534489693614
"2020","77",140,154,147,154.016472376033,0.422011650864159,129.996694813683,177.933421889761
"2020","79",129,140,138.027912143189,138.027912143189,0.420056036065108,113.964388744089,162.0439192411
"2020","80",129,140,137.669079446484,137.669079446484,0.419408502310449,113.846096515051,161.575414379189
"2020","801",129,140,132.657507703073,132.657507703073,0.421686493564676,108.528525871706,156.460330379023
"2021","1",166,180,174.932091935455,174.932091935455,0.420512812138914,151.039558960097,198.767361154735
"2021","2",166,180,173.797427110964,173.797427110964,0.41818279270488,149.967897193945,197.781529661824
"2021","3",166,180,172.013661435731,172.013661435731,0.421042276177883,147.985035688816,196.020883316865
"2021","4",166,180,168.205979981023,168.205979981023,0.420972195265016,144.25308793709,191.845909330913
"2021","5",166,180,169.713552619807,169.713552619807,0.421589830960887,146.044862968635,193.677636498863
"2021","6",166,180,168.293882208179,168.293882208179,0.421042212264261,144.32666830719,192.216857651827
"2021","7",133,154,150.009781924206,150.009781924206,0.420741430999499,125.969592841909,174.03807976006
"2021","8",133,154,147.950933155363,147.950933155363,0.421228900476101,124.10335064007,171.908026324425
"2021","9",133,154,146.185315595459,146.185315595459,0.42000289894844,122.260858314834,170.230838742708
"2021","10",133,154,143.5,120.621552063978,0.420300945412096,96.7406872507189,144.372147770109
"2021","11",166,180,177.815751067601,177.815751067601,0.418363138328018,154.121897260574,201.610525100055
"2021","12",166,180,174.690510919598,174.690510919598,0.419678648053015,150.908806008166,198.486374249428
"2021","13",166,180,173,184.515877601874,0.422371988247004,160.813160107369,208.646436578949
"2021","14",166,180,174.121319519602,174.121319519602,0.423448084634067,149.843138231939,198.068059601978
"2021","15",166,180,169.808610135131,169.808610135131,0.419120045073501,145.929133581717,193.584768355476
"2021","16",154,166,161.678564796794,161.678564796794,0.417061426651013,138.070535541069,185.372943248726
"2021","17",154,166,160,152.599259158551,0.420776027561737,128.520031078134,176.468747592303
"2021","18",133,154,136.186374284998,136.186374284998,0.422741288462486,112.01939200378,160.014657475176
"2021","19",133,154,133.026226415239,133.026226415239,0.420310308026009,109.176639623739,156.869460563027
"2021","21",166,180,178.265038229606,178.265038229606,0.420151610363904,154.411050576834,202.225983889799
"2021","22",166,180,176.852403590216,176.852403590216,0.419421808448619,153.024567984493,200.914404293018
"2021","23",166,180,173,184.205075692506,0.422197448051774,160.149036077794,208.120569065883
"2021","24",166,180,173,183.532052737031,0.421467562743987,159.704235414866,207.687843837267
"2021","25",154,166,160,167.683117359954,0.418184932532491,143.760378080688,191.465134848529
"2021","26",133,154,152.58994266121,152.58994266121,0.422080446747639,128.541872655449,176.590962581936
"2021","27",154,166,156.979979067789,156.979979067789,0.418748043759682,133.262533465567,180.909486419298
"2021","28",154,166,160.377376144209,160.377376144209,0.417147578925974,136.687640267642,184.109487654582
"2021","29",133,154,143.5,132.212311469541,0.420460059203742,108.461006941725,156.028793380951
"2021","30",133,154,143.5,126.665240977598,0.421462951868681,102.666401948334,150.478759125644
"2021","31",166,180,174.83320088654,174.83320088654,0.42219877078708,150.907163580326,198.784304144856
"2021","32",166,180,176.518319234566,176.518319234566,0.420587616484543,152.609309310669,200.399209084363
"2021","33",166,180,173,181.697241403921,0.419912445127419,157.964508680332,205.337996625034
"2021","34",166,180,173,183.443941259123,0.420547039815042,159.433207248642,207.138819570197
"2021","35",166,180,173,181.580693862825,0.420778163778094,157.750840718749,205.444502775051
"2021","36",154,166,156.658648930086,156.658648930086,0.419526386713876,132.852433633747,180.625442309819
"2021","37",154,166,157.319703341147,157.319703341147,0.420587068100025,133.515625266573,181.325323183983
"2021","38",133,154,143.5,162.588578038772,0.418761110344205,138.674946295046,186.327144126208
"2021","39",133,154,137.938073090981,137.938073090981,0.418780701242612,113.929597466616,161.717008242576
"2021","40",133,154,143.5,125.682042773806,0.422174981805827,101.806068166865,149.608985258262
"2021","41",166,180,174.669826984569,174.669826984569,0.418350986248679,150.922493369377,198.545820037671
"2021","42",166,180,178.051003688896,178.051003688896,0.423231633280514,153.982887904631,202.230642288815
"2021","43",166,180,173,185.475238064403,0.418233047893149,161.672743688374,209.103496694015
"2021","44",166,180,173,187.140710505904,0.419544331149935,163.311777382111,210.987597949938
"2021","45",180,194,191.002094034804,191.002094034804,0.422595941683558,166.873306905978,215.052357354497
"2021","46",166,180,173,180.634155017594,0.41885682055278,156.812766711406,204.509728338431
"2021","47",154,166,157.377537340031,157.377537340031,0.421266713113573,133.448688882534,181.296396098314
"2021","48",133,154,141.87630622779,141.87630622779,0.421324755233683,117.781751546169,165.771991919169
"2021","49",154,166,160,146.018399098958,0.420416597741337,122.150276550668,169.896239797767
"2021","50",133,154,143.5,131.037174429239,0.421650169861103,107.143933084541,155.01301066232
"2021","51",166,180,168.768698505709,168.768698505709,0.418851849628482,144.831941905998,192.550895892381
"2021","52",154,166,162.916985422536,162.916985422536,0.419437457573095,138.97430296896,186.739132789811
"2021","53",166,180,173,185.457344025677,0.421214727149763,161.568808577984,209.402112140116
"2021","54",180,194,189.220630804437,189.220630804437,0.42059377974336,165.306493728685,213.354914858749
"2021","55",180,194,187,199.770046182126,0.423597404963072,175.746614768366,223.670294236312
"2021","56",180,194,187,199.065371231685,0.421710615442711,175.266019056999,223.166027740845
"2021","57",154,166,160,153.392126420418,0.421232078537417,129.37423556843,177.406447825163
"2021","58",133,154,150.433049888698,150.433049888698,0.420055336065717,126.39720251776,174.183625881464
"2021","59",133,154,139.475186031451,139.475186031451,0.421632892061274,115.583521377909,163.675157830637
"2021","60",133,154,141.386330927562,141.386330927562,0.418636172704183,117.76956757104,164.945665185343
"2021","61",154,166,154.501601207661,154.501601207661,0.423690431344773,130.737729714315,178.671343159981
"2021","62",166,180,178.433137751202,178.433137751202,0.418764796414958,154.6238971749,202.33336298168
"2021","63",180,194,187.369618693193,187.369618693193,0.419762086314539,163.609020818797,211.218355641742
"2021","64",154,166,160,171.846346783221,0.418389029306217,148.191864816176,195.663563825051
"2021","65",180,194,187,200.755171470387,0.421250179224775,176.809092384027,224.486111398393
"2021","66",180,194,187,199.945041542257,0.422759403455083,175.8614160412,224.016487497739
"2021","67",133,154,151.962428346812,151.962428346812,0.420793530604405,128.074087817649,175.739255203656
"2021","68",154,166,160,148.587733450678,0.421435842034822,124.59493815905,172.462327780407
"2021","69",133,154,138.299621963758,138.299621963758,0.420018440274897,114.455057354767,162.184663236244
"2021","70",133,154,135.904400527318,135.904400527318,0.421698693716744,111.920748009288,159.814815859945
"2021","71",154,166,155.399796231961,155.399796231961,0.421689086387509,131.444162332321,179.523901932727
"2021","72",166,180,170.504350595573,170.504350595573,0.420351977923812,146.647166396741,194.331561391787
"2021","73",166,180,173,182.03580074155,0.419807443148323,157.961065940894,205.794921690654
"2021","74",180,194,191.566612718105,191.566612718105,0.421393378617538,167.371013474581,215.307242523515
"2021","75",166,180,173,187.288595167992,0.422861745990236,163.192610965472,211.242383909508
"2021","76",180,194,189.687490438669,189.687490438669,0.42055106119045,165.623581467806,213.619904903254
"2021","77",154,166,163.16820244,163.16820244,0.419247817690521,139.191388862403,187.012885642768
"2021","78",133,154,140.385222531522,140.385222531522,0.422070756786705,116.396918787239,164.397434074102
"2021","79",154,166,160,147.211283958506,0.421092765724526,123.191575608806,171.180984996653
"2021","80",154,166,160,146.754010980239,0.422315677098648,122.906441349308,170.720908227174
"2021","301",133,154,143.5,123.200678970165,0.419875515408062,99.2735133753562,146.798640401321
"2021","401",133,154,143.5,126.052129419872,0.421426482231103,102.175868753105,150.142643627285
"2021","501",133,154,143.5,127.230055337904,0.421387984075623,103.247091880283,151.234726510739
"2021","601",133,154,143.5,126.063100845381,0.423496339628746,102.002426792007,150.160777389002
"2021","701",133,154,143.5,126.722087349198,0.420461245289487,102.967919638495,150.49654122443
"2021","801",154,166,160,141.781684050058,0.420711219589734,117.995970737764,165.803196088045
"2022","1",153,167,160,178.635098802566,0.420050673990584,154.775028601088,202.503035787427
"2022","2",167,179,177.540844085182,177.540844085182,0.422791568974781,153.557889268272,201.756796906951
"2022","3",167,179,175.507670128091,175.507670128091,0.419388057292376,151.548622416334,199.54972457728
"2022","4",153,167,160,171.79332518026,0.42050862612006,148.047915349974,195.727108488595
"2022","5",153,167,160,173.363419467608,0.420357016500613,149.814900136459,197.241527596258
"2022","6",153,167,160,172.033267460206,0.42093551336239,148.077438619233,195.970620114776
"2022","7",153,167,153.635551139063,153.635551139063,0.421739224505003,129.772775869252,177.634910539448
"2022","8",153,167,160,151.58113927718,0.42060319553163,127.669855989462,175.553644433588
"2022","9",153,167,160,149.83209252954,0.421037879234537,126.054188184124,173.785324334194
"2022","10",123,139,124.290347859064,124.290347859064,0.419396279199544,100.346562732594,147.916068533284
"2022","11",167,179,173,181.505895404938,0.420590061469537,157.804434660242,205.617694054123
"2022","12",167,179,178.296348111291,178.296348111291,0.418684994179405,154.434867010493,201.970903207097
"2022","13",179,193,188.217655580335,188.217655580335,0.421066100023122,164.301452856331,212.041677978481
"2022","14",167,179,177.727949063744,177.727949063744,0.421104248099186,153.827820427013,201.318553544465
"2022","15",153,167,160,173.604739743445,0.418908895040177,149.667814553201,197.567937881811
"2022","16",153,167,165.385622344094,165.385622344094,0.420070110778234,141.309656742252,189.288884827709
"2022","17",153,167,156.195962978308,156.195962978308,0.422158853552201,132.112217564295,180.074626536815
"2022","18",153,167,160,139.700345417918,0.422661627433245,115.624091189272,163.819860606709
"2022","19",153,167,160,136.682783948292,0.421039826946793,112.936802270819,160.550282701028
"2022","20",153,167,160,126.656250359721,0.418242234051185,102.961710271476,150.351855525954
"2022","21",167,179,173,181.9274583768,0.418907533203176,158.090870962868,205.802023887038
"2022","22",167,179,173,180.51486173206,0.419285020828035,156.654313673444,204.544820153633
"2022","23",179,193,187.728348289775,187.728348289775,0.420747492523047,164.073902376799,211.638429540623
"2022","24",167,179,173,187.114077953516,0.418442571055998,163.319455455032,210.825462407937
"2022","25",153,167,160,171.3291120449,0.420330118180469,147.366181641525,195.174960195749
"2022","26",153,167,156.241837094036,156.241837094036,0.421134900863167,132.145183451662,180.041272478331
"2022","27",153,167,160.696667388123,160.696667388123,0.420191559597238,136.841207115732,184.713552248178
"2022","28",153,167,164.03603204275,164.03603204275,0.418737257517176,140.120650736831,187.984370284838
"2022","29",153,167,160,135.755230071444,0.420499289033491,111.909084873215,159.545114271407
"2022","30",153,167,160,130.389889711766,0.421829421904848,106.552916360536,154.393829021723
"2022","31",167,179,178.406881611557,178.406881611557,0.423020778549883,154.203925631313,202.403918355567
"2022","32",167,179,173,180.282326943577,0.418486169505247,156.501095351371,204.14808076744
"2022","33",167,179,173,185.406399176233,0.41965772232965,161.709827094555,209.406617902078
"2022","34",167,179,173,186.985020116021,0.420152323809222,163.055459390753,210.942957805153
"2022","35",167,179,173,185.154796705109,0.419484949441005,161.308751517431,209.103871111367
"2022","36",153,167,160.234735298349,160.234735298349,0.419491802788978,136.465761676963,184.15501656813
"2022","37",153,167,160.985469439009,160.985469439009,0.422971694023459,137.069123001357,185.258844187715
"2022","38",153,167,166.174898242902,166.174898242902,0.421802659180172,142.209528143908,189.98647739775
"2022","39",153,167,160,141.467171340822,0.42242142985349,117.275692377615,165.620983440445
"2022","40",153,167,160,129.309976104145,0.421565303062417,105.465304610516,153.231497012626
"2022","41",167,179,178.212172483993,178.212172483993,0.417546525825505,154.41056077733,201.980160852797
"2022","42",167,179,173,181.661176210054,0.418882855789372,157.801149538559,205.529726652461
"2022","43",167,179,173,188.987754279566,0.419473297755835,165.14277250893,212.784084417091
"2022","44",167,179,173,190.805260640947,0.41989517141759,166.696363694511,214.738136479543
"2022","45",179,193,186,194.620574434882,0.421148440747565,170.756238390486,218.641034086498
"2022","46",167,179,173,184.119901128687,0.422666662151047,160.30224085088,208.109510389811
"2022","47",153,167,160.959380623665,160.959380623665,0.419082930873369,137.317807435429,184.790213459797
"2022","48",153,167,160,145.557170135066,0.419636928285919,121.723528685005,169.333863072876
"2022","49",153,167,160,149.682106463582,0.421890866828894,125.499979337978,173.347600306082
"2022","50",153,167,160,134.612563389489,0.418761506162153,110.709128260569,158.294814785512
"2022","51",153,167,160,172.442737185543,0.416577910867674,148.820893448651,196.125752623047
"2022","52",153,167,166.6541452347,166.6541452347,0.419409171149886,142.889667562743,190.473302487135
"2022","53",167,179,173,189.170191558109,0.421170450879223,165.247471272067,213.185531676992
"2022","54",167,179,173,193.01820169962,0.422290434678706,168.849561034604,216.832530871467
"2022","55",179,193,186,203.562386033585,0.423782074706789,179.350635015743,227.723904332009
"2022","56",179,193,186,202.721100089445,0.419680708689376,178.867242368273,226.575428811924
"2022","57",153,167,156.984743097135,156.984743097135,0.421873719776622,133.071615512549,180.794809249152
"2022","58",153,167,154.095972696508,154.095972696508,0.422283330625481,129.956616976097,178.21581420265
"2022","59",153,167,160,143.138375504247,0.419594277866818,119.245207704387,166.975627042093
"2022","60",153,167,160,145.099408684223,0.420015725160574,121.265886834733,169.094240963262
"2022","61",153,167,158.254334660355,158.254334660355,0.420547062061568,134.594353522015,182.217164485176
"2022","62",167,179,173,181.971845671244,0.422671897363292,157.954556504903,206.300399346128
"2022","63",179,193,190.979632640282,190.979632640282,0.420382589054638,167.10207373009,214.656780138673
"2022","64",153,167,160,175.503007841255,0.41886084845222,151.694059531852,199.261128464927
"2022","65",179,193,186,204.486533329507,0.42283756431334,180.576233404808,228.570413629878
"2022","66",179,193,186,203.78575243859,0.419978715337642,179.908510937633,227.513800790932
"2022","67",153,167,155.686021362765,155.686021362765,0.420301453505815,131.893564569697,179.373476814232
"2022","68",153,167,160,152.357611424346,0.418289162649625,128.469611534856,176.056645438174
"2022","69",153,167,160,141.957566740212,0.420410279043145,118.345690896966,165.989714840078
"2022","70",153,167,160,139.537938151187,0.420039584552309,115.607921027332,163.30514179409
"2022","71",153,167,158.983792418052,158.983792418052,0.419879973629245,135.167116703058,182.877190533436
"2022","72",153,167,160,174.082662147609,0.420607222584728,149.991960003077,197.754014326378
"2022","73",179,193,185.702524870792,185.702524870792,0.421910687154076,161.894003333903,209.861290388449
"2022","74",179,193,186,195.36854982046,0.422474788637863,171.314190797077,219.482248967184
"2022","75",167,179,173,190.828136790227,0.419168937149129,166.823675751334,214.655133091629
"2022","76",179,193,186,193.254084637456,0.421299794629923,169.378830022169,216.966348179311
"2022","77",153,167,166.765746580337,166.765746580337,0.417184614301307,143.10146277911,190.445856623061
"2022","78",153,167,160,144.020840543147,0.420628125818741,120.02788101375,167.942567147097
"2022","79",153,167,160,150.906919238787,0.419092399339976,127.204000034576,174.771417631802
"2022","80",153,167,160,150.350754207117,0.419916577069587,126.51993792377,174.003920044034
"2022","101",123,139,131,122.134414153406,0.42010038123542,98.340553314245,146.249474201373
"2022","201",123,139,131,120.909867900038,0.420195363794451,97.1625748648507,144.904758153254
"2022","301",123,139,126.886991664502,126.886991664502,0.420376817539416,102.949837177688,150.558886244741
"2022","401",123,139,129.654662578742,129.654662578742,0.417074425917227,106.028995720859,153.510820728669
"2022","501",153,167,160,130.878984115265,0.420955720306511,107.202097123845,154.711151062978
"2022","601",153,167,160,129.744407527696,0.422417515407372,105.923151975736,153.662896444532
"2022","701",123,139,130.235839362307,130.235839362307,0.42128177783882,105.8669188828,154.216115918365
"2022","801",153,167,160,145.487327182171,0.418545558576481,121.603592951336,169.140035827645
"2023","1",171,177,174,177.044543678992,0.419767440766805,153.283756315726,200.931619596991
"2023","2",171,177,175.917553485962,175.917553485962,0.421661951810727,152.09174159498,199.822516836703
"2023","3",171,177,174.05678532326,174.05678532326,0.419017965981237,150.401050507152,198.129479767381
"2023","4",171,177,174,170.231679024139,0.417336196767414,146.551885111444,193.846972414224
"2023","5",177,186,181.5,171.820362032708,0.417195993582617,148.079732361844,195.391106918843
"2023","6",177,186,181.5,170.498428167125,0.419394902624295,146.488764169757,194.42123911165
"2023","7",136,156,152.093975126796,152.093975126796,0.419724002858022,128.172799851792,175.832532282675
"2023","8",136,156,150.153396238715,150.153396238715,0.419076203930902,126.360299040836,173.918208591262
"2023","9",136,156,148.283863948431,148.283863948431,0.421483318435693,124.153476872306,172.052655799771
"2023","11",177,186,180.008207042175,180.008207042175,0.420387554788565,156.175210893051,204.06698611365
"2023","12",177,186,181.5,176.641267351008,0.420544951890296,152.744661322798,200.50376324524
"2023","13",186,195,186.553163692553,186.553163692553,0.422654609027153,162.428736763414,210.414649491709
"2023","14",177,186,181.5,176.258101553804,0.419254593143692,152.33536143355,200.178938725882
"2023","15",177,186,181.5,171.877045924441,0.419105390827682,147.847195250066,195.835083850087
"2023","16",171,177,174,163.883700122968,0.420204202110786,139.980389047821,187.764520965661
"2023","17",136,156,154.563252702091,154.563252702091,0.418669252498319,130.706903772817,178.130386882589
"2023","18",136,156,138.348511651937,138.348511651937,0.419461757926009,114.441259688564,162.169846376577
"2023","19",136,156,146,134.992108184525,0.416856167898474,111.640198923733,158.689999175259
"2023","20",136,156,146,125.041854534208,0.420657098101959,101.284996087481,148.824089106673
"2023","21",177,186,180.434853044079,180.434853044079,0.421907265193617,156.567300769146,204.46223218131
"2023","22",177,186,178.966194273283,178.966194273283,0.422623333495996,155.022548914155,202.884798098465
"2023","23",186,195,186.185284780202,186.185284780202,0.421096795381378,162.236240727418,209.918921817544
"2023","24",177,186,185.480597918098,185.480597918098,0.419287867911027,161.854714357987,209.355011140414
"2023","25",171,177,174,169.883297958208,0.420989907650456,146.089907105466,193.912607884226
"2023","26",136,156,154.617884847459,154.617884847459,0.420093706588082,130.63007510169,178.4811641389
"2023","27",136,156,146,159.174802022232,0.420180279507945,135.364230614406,183.039110794446
"2023","28",171,177,174,162.48133222948,0.418016599855396,138.782868805137,186.422235080374
"2023","30",136,156,146,128.643789348131,0.418979505923037,104.798083280552,152.463118791564
"2023","31",177,186,181.5,176.864988763548,0.420065643675754,153.043189820615,200.821069165941
"2023","32",186,195,190.5,178.597698118438,0.421541395517796,154.669167985194,202.556151972128
"2023","33",177,186,183.834151872069,183.834151872069,0.422850233349952,159.644149478969,207.521100464064
"2023","34",177,186,185.508551053764,185.508551053764,0.419624506117489,161.783795606495,209.313600060674
"2023","35",177,186,183.651431181809,183.651431181809,0.41973938711681,159.615848476982,207.325780503896
"2023","36",136,156,146,158.858709045481,0.418578388543289,135.171371986205,182.60263701132
"2023","37",136,156,146,159.253538913206,0.420325013944308,135.304513095524,183.167918558007
"2023","38",136,156,146,164.72990809404,0.420478548075532,140.765236127374,188.606233197144
"2023","39",124,136,130,139.912007321786,0.421012181723481,115.934769384552,163.813110512514
"2023","40",124,136,127.790247997349,127.790247997349,0.420697909774,103.930626626947,151.75508132387
"2023","41",177,186,181.5,176.827473929349,0.42274206927646,152.864998756814,200.8224806351
"2023","42",186,195,190.5,180.014910024665,0.419651375851417,156.130859256526,203.883537542892
"2023","43",186,195,187.429546416542,187.429546416542,0.422596528031172,163.561941097967,211.553362994854
"2023","44",186,195,189.279039239205,189.279039239205,0.419886811370374,165.368726478045,213.234568750106
"2023","45",186,195,193.2578216548,193.2578216548,0.421197293700406,169.16020113524,217.079373562994
"2023","46",177,186,182.546506725655,182.546506725655,0.420413864834163,158.439922919045,206.330938516225
"2023","47",136,156,146,159.290340693526,0.418316446833057,135.417853244962,183.095913776285
"2023","48",136,156,144.008665754792,144.008665754792,0.418690468783659,120.272110427383,167.832644210227
"2023","49",136,156,148.174742553466,148.174742553466,0.419606204311676,124.150028023911,171.882194713827
"2023","50",136,156,146,133.00816852657,0.419127275059508,109.225410912092,156.779421496859
"2023","51",163,171,170.939306672487,170.939306672487,0.419738664165202,147.109079643708,194.826965531915
"2023","52",163,171,165.144103168715,165.144103168715,0.420494810227728,141.311469881182,189.057470244275
"2023","53",186,195,187.569987189428,187.569987189428,0.422856887137282,163.535637538278,211.605673582722
"2023","54",186,195,191.38261802616,191.38261802616,0.421260394995301,167.450268758955,215.389793188232
"2023","55",199,205,201.941964925367,201.941964925367,0.424621574231689,177.728265724992,226.265231968748
"2023","56",199,205,201.157063858299,201.157063858299,0.426118892925966,177.033300854215,225.452635852874
"2023","57",136,156,155.482807794316,155.482807794316,0.420843481380864,131.608357411854,179.485288085429
"2023","58",136,156,152.489896265002,152.489896265002,0.421308923644047,128.544096216807,176.341313521683
"2023","59",136,156,141.599610246804,141.599610246804,0.419417338855672,117.785687005886,165.290517741138
"2023","60",124,136,130,143.430064404309,0.42057561886729,119.396002326922,167.140153835973
"2023","61",136,156,146,156.694289208126,0.420723666392817,132.642104547156,180.549980092278
"2023","62",177,186,180.438726142696,180.438726142696,0.418074405745015,156.534063795477,204.050044903478
"2023","63",186,195,189.500272612305,189.500272612305,0.420587992401745,165.494142229093,213.538986942996
"2023","64",177,186,181.5,173.89610104238,0.420953413697626,149.709069974276,197.76339136212
"2023","65",199,205,202.992212141691,202.992212141691,0.422615197432726,179.094542751593,227.364006878583
"2023","66",205,NA,205,202.033362848539,0.42412323601981,177.930787693011,226.040838564212
"2023","67",136,156,154.201259531414,154.201259531414,0.418290516116358,130.239801834417,177.837295840207
"2023","68",136,156,150.780612741131,150.780612741131,0.421742722561226,126.457989799557,174.511211613715
"2023","69",136,156,140.349894067215,140.349894067215,0.420143472709535,116.355943484941,164.172251347459
"2023","70",124,136,130,137.924465602573,0.421123394635377,114.056568728335,161.785089692691
"2023","71",136,156,146,157.656349238914,0.420596550971082,133.860546664307,181.597374245017
"2023","72",171,177,172.458124589059,172.458124589059,0.42003696025882,148.646340645707,196.505506128043
"2023","73",186,195,190.5,184.089315188979,0.419801403056571,159.996798601981,208.017476788211
"2023","74",195,199,197,193.759425047123,0.420661795071562,169.961624146122,217.619074874245
"2023","75",186,195,189.407634814369,189.407634814369,0.421376709748009,165.273222925364,213.405159155873
"2023","76",195,199,197,191.757255631446,0.421109173285131,167.697137399982,215.627326580239
"2023","77",177,186,181.5,165.163398139495,0.420134574383795,141.142023763804,188.941209023412
"2023","78",136,156,142.331697924116,142.331697924116,0.42105694405296,118.414745577985,166.354529087118
"2023","79",136,156,149.319649689266,149.319649689266,0.420282292521232,125.370421062676,173.157698567756
"2023","80",136,156,148.931730294673,148.931730294673,0.421411940012486,124.973923783887,172.889821035235
"2023","401",124,136,128.137590335082,128.137590335082,0.41923958146966,104.386527421374,151.993891732761
"2023","501",136,156,146,129.341345280376,0.422199491637903,105.316033649927,153.059016792598
"2023","701",124,136,128.794985480993,128.794985480993,0.419715974266831,105.058919363036,152.552117364518
"2023","801",124,136,130,143.818790701172,0.421329223005467,119.734103148855,167.726621399268
"2024","0",162,NA,177.973302450743,177.973302450743,0.696383327606789,140.919736518999,220.371938855221
"2024","1",162,178,175.188272299456,175.188272299456,0.419147043294501,151.210178905758,198.882932541044
"2024","2",162,178,174.332749704572,174.332749704572,0.424555999713264,150.269269071758,198.597887348643
"2024","3",162,178,172.337004618331,172.337004618331,0.418188448429422,148.44706129661,196.124321767854
"2024","4",162,178,168.556052379901,168.556052379901,0.420038242750261,144.601332126808,192.287602355577
"2024","5",162,178,170.022908086431,170.022908086431,0.42036952345577,146.08630618623,194.028897659829
"2024","6",162,178,168.907809593398,168.907809593398,0.420592167973342,144.903503097021,192.789995572636
"2024","7",145,162,150.278746995076,150.278746995076,0.420923769323303,126.313858626354,174.208717202485
"2024","8",145,162,148.337799785041,148.337799785041,0.422208183500626,124.172576618401,172.378040770981
"2024","9",145,162,146.483151766625,146.483151766625,0.419639980897934,122.554612666664,170.348551876747
"2024","10",130,145,137.5,120.990484755952,0.418458815309585,97.0945416699309,144.742405306248
"2024","11",162,178,170,178.162346666274,0.42152018719085,154.195900613358,202.073614883334
"2024","12",162,178,174.894775403342,174.894775403342,0.422890405853958,151.018374166781,198.845194726384
"2024","13",178,191,184.846209567419,184.846209567419,0.420403616253128,161.277585061205,208.660012206451
"2024","14",178,191,184.5,174.564975978204,0.4201491784132,150.718030029572,198.51657454768
"2024","15",162,178,170.148563767369,170.148563767369,0.422682556782291,146.077973324497,194.188049375211
"2024","16",162,178,162.10060083933,162.10060083933,0.419835577601609,138.260228233349,186.101503338429
"2024","17",145,162,152.779627883043,152.779627883043,0.420811540664258,128.872158576793,176.637708373377
"2024","18",145,162,153.5,136.57594147462,0.421285206832394,112.645149851234,160.635064757083
"2024","19",145,162,153.5,133.348320325178,0.422281346509175,109.423319904467,157.300973662929
"2024","20",130,145,137.5,123.325331552102,0.419538745843098,99.536658179362,146.999425095571
"2024","21",162,178,170,178.839865693948,0.420608846924232,155.195882586536,202.536329915508
"2024","22",162,178,177.302124219912,177.302124219912,0.421030097627237,153.44587316336,201.23783571422
"2024","23",162,178,170,184.34826783112,0.420955768214001,160.336152883077,208.124508066263
"2024","24",178,191,183.776371029317,183.776371029317,0.419605725876346,160.025130134842,207.658250593792
"2024","25",178,191,184.5,168.106271296612,0.420735549096233,144.28965002322,191.967022678194
"2024","26",145,162,152.92185027915,152.92185027915,0.421313568615083,129.017492832793,176.944675674895
"2024","27",145,162,157.408451363385,157.408451363385,0.420382364631567,133.576639578164,181.392394763746
"2024","28",145,162,160.738984335084,160.738984335084,0.419723649120192,137.064362380075,184.589505885167
"2024","29",145,162,153.5,132.609204681965,0.42026564643497,108.927283907671,156.474811662025
"2024","30",130,145,137.5,127.070275781988,0.422643310342793,103.300075687269,151.012115264959
"2024","31",162,178,175.225583931489,175.225583931489,0.42309357015234,151.148622472155,199.397530694906
"2024","32",162,178,176.748031963371,176.748031963371,0.419870341294826,153.049131902347,200.774686186916
"2024","33",162,178,170,182.097733719258,0.418934332071962,158.323801861978,205.743623162847
"2024","34",178,191,183.62530919229,183.62530919229,0.421556127832439,159.538686606198,207.405390217626
"2024","35",162,178,170,181.977281120382,0.42040259882666,158.167606749467,205.866320486779
"2024","36",145,162,156.926611890738,156.926611890738,0.420029683377299,132.937547864969,180.734717379302
"2024","37",145,162,157.731253230836,157.731253230836,0.419807232030746,133.887982130372,181.540230368599
"2024","38",145,162,153.5,163.03952904408,0.420022527930107,139.189544587737,186.738031992118
"2024","39",145,162,153.5,138.237704099843,0.418626857036268,114.483660994071,162.104343458772
"2024","41",162,178,175.019081639438,175.019081639438,0.422046345701432,151.017672606495,198.643917717121
"2024","42",162,178,170,178.381741054363,0.419382214799457,154.703979157205,202.319921602121
"2024","43",162,178,170,185.8892546281,0.420970342768213,161.894830869929,209.802381102753
"2024","44",178,191,187.531597599949,187.531597599949,0.421642440226542,163.519400356871,211.611855761076
"2024","45",178,191,184.5,191.357961715965,0.421781980030309,167.28354066795,215.36741013457
"2024","46",178,191,180.933952582462,180.933952582462,0.421324057054904,157.020059992141,205.086689215892
"2024","47",145,162,157.567914007237,157.567914007237,0.419008763997936,133.853665754135,181.377263305314
"2024","48",145,162,153.5,142.31605823946,0.423287824592396,118.280434079562,166.472314554729
"2024","49",145,162,146.418024028649,146.418024028649,0.420695104473573,122.51993203057,170.400475861174
"2024","51",162,178,169.127140040917,169.127140040917,0.419711805182892,145.422180855773,192.956913893904
"2024","52",145,162,153.5,163.293895486622,0.419634676418784,139.255931370624,187.116710330269
"2024","53",162,178,170,185.823816982277,0.421514072714726,161.815041401454,209.957479031815
"2024","54",178,191,189.574063103572,189.574063103572,0.420818242923572,165.778368793501,213.426370202517
"2024","55",178,191,184.5,200.316304367484,0.42405753697848,176.426499449664,224.387233796556
"2024","56",162,178,170,199.361515980394,0.420814761962166,175.511728170479,223.394636636745
"2024","57",145,162,153.613362098543,153.613362098543,0.421571547406088,129.685164690745,177.595902463992
"2024","58",145,162,150.744528045122,150.744528045122,0.420155320287008,126.80265561662,174.728259991082
"2024","59",145,162,153.5,139.835190320075,0.42240340064692,116.01029757578,163.739381130409
"2024","60",145,162,153.5,141.64798634918,0.421331789622003,117.725192078619,165.413327580804
"2024","61",145,162,154.932033027936,154.932033027936,0.419976117631807,131.281834158121,178.941727726428
"2024","62",162,178,170,178.618735751387,0.419042009809128,154.694111996172,202.372677235534
"2024","63",162,178,170,187.648142719402,0.420268082047128,163.870907114829,211.364730545471
"2024","64",178,191,184.5,172.151077619707,0.423549655097712,148.065958249163,196.364000932142
"2024","65",178,191,184.5,201.180083380145,0.424703676483772,176.944650700661,225.193591815725
"2024","66",191,198,194.5,200.282711674488,0.42255088738909,176.320996277566,224.272124788638
"2024","67",145,162,152.328483706084,152.328483706084,0.41814340325564,128.538021918659,176.028595545454
"2024","68",145,162,149.005078727926,149.005078727926,0.423741285570767,125.018887454023,173.084944237088
"2024","69",145,162,153.5,138.603394763071,0.419738164339082,114.965234567241,162.56980210908
"2024","70",145,162,153.5,136.260212557478,0.422617714751273,112.306891152258,160.230554670235
"2024","71",145,162,155.832101034458,155.832101034458,0.420276481991262,131.881700783844,179.565298047298
"2024","72",162,178,170.670742462093,170.670742462093,0.419348947596334,146.89906616978,194.473508161789
"2024","73",178,191,182.41238375837,182.41238375837,0.422839062286624,158.218568980944,206.156454531909
"2024","74",162,178,170,191.961845542592,0.420630800487588,167.762840530001,215.86934044215
"2024","75",178,191,187.701093016128,187.701093016128,0.422136301231259,163.577331102334,211.642768907887
"2024","76",162,178,170,189.829795720711,0.419185843741779,165.957753499248,213.619839045847
"2024","77",162,178,163.430184373012,163.430184373012,0.42096503275814,139.581495570095,187.32315569487
"2024","78",145,162,153.5,140.607258353816,0.420954730523436,116.523079578498,164.298477350841
"2024","79",145,162,147.492612837383,147.492612837383,0.419720710755946,123.629484156385,171.353093625452
"2024","80",145,162,147.005956919708,147.005956919708,0.419833833307104,123.172004626573,170.867461738466
"2024","101",130,145,137.5,118.870701869491,0.419808577517713,95.0490844616472,142.77105816112
"2024","801",145,162,153.5,142.092181619304,0.423260577625947,118.151454331378,166.251833717791
"1996","10",NA,105,105,118.254010665101,0.420230261572093,94.1547926474594,142.516917319217
"1996","20",NA,105,105,120.602973746112,0.418297784677688,96.8000530345125,144.373903492221
"1996","30",NA,105,105,124.2504177553,0.420756321347862,100.331197770851,148.175798511869
"1996","101",NA,105,105,116.195940120821,0.422718254415923,92.0966743648967,139.778405192402
"1996","201",NA,105,105,114.91103286108,0.422098117139617,90.7647845864081,138.892857296545
"1996","401",NA,105,105,123.701522746251,0.421513345735563,99.7784912493871,147.520070586628
"1996","501",NA,105,105,124.83304464393,0.418028199458615,101.06324670007,148.890437027
"1996","601",NA,105,105,123.649011848167,0.422645342469271,99.616458139344,147.523654661959
"1996","701",NA,105,105,124.256618354675,0.419717053490191,100.310965931423,148.114028476557
"1998","10",NA,105,105,122.855576349079,0.419018645755554,99.2434251763104,146.719259207272
"1998","20",NA,105,105,125.192717560511,0.421060595924343,101.20973818848,148.91798373537
"1998","30",NA,105,105,128.83508043218,0.418876099067452,105.133393072268,152.66772632801
"1998","40",NA,105,105,127.978198435303,0.421070080902716,104.105691683644,151.866341345087
"1998","78",NA,105,105,142.515318980935,0.42133486004902,118.582951502815,166.348376477237
"1998","101",NA,105,105,120.715601181595,0.422355576539105,96.6883224235638,144.761756083165
"1998","201",NA,105,105,119.576705671776,0.420719694855495,95.3405033382341,143.267098985372
"1998","301",NA,105,105,125.502370845971,0.421493021049857,101.455556978585,149.519301491373
"1998","401",NA,105,105,128.340991124529,0.422256349442156,104.410284736456,152.486361233665
"1998","501",NA,105,105,129.570214315811,0.419489794661887,105.975630850848,153.606136657816
"1998","601",NA,105,105,128.280896260497,0.420882413599953,104.467518612635,152.207162877682
"1998","701",NA,105,105,129.010371035704,0.42047022053253,105.060685124583,152.668983610055
"2000","10",NA,105,105,105.045812032666,0.420424529466774,81.2488488746788,128.760908227669
"2000","20",NA,105,105,107.404370173933,0.418965237503277,83.5598068650623,131.312791434808
"2000","101",NA,105,102.979001718822,102.979001718822,0.419383755698857,79.0172695699186,126.753521541789
"2000","201",NA,105,101.698282692083,101.698282692083,0.424243219671334,77.5656567612605,125.847107066769
"2000","301",NA,105,105,107.594721979797,0.421192434067221,83.622467560229,131.430285096288
"2000","401",NA,105,105,110.428150882393,0.422175947801405,86.434724974944,134.453831272047
"2000","701",NA,105,105,111.151241965205,0.421726144380397,87.2887978537416,135.215181685671
"2003","101",NA,105,105,115.08367637552,0.419169078238578,91.4098184581806,138.925983911309
"2006","10",NA,105,105,106.147174722694,0.42393309587961,82.2009368462234,130.430946453853
"2006","20",NA,105,105,108.522653630756,0.421640040187503,84.4886310822957,132.161618989959
"2006","30",NA,105,105,112.032133262001,0.420412751622067,88.0487362148533,135.843398175127
"2006","40",NA,105,105,111.151731759823,0.420594544523891,87.2722411983263,135.144172315415
"2006","101",NA,105,104.159257815752,104.159257815752,0.421667931802925,80.3217966454554,128.238679321277
"2006","201",NA,105,102.862536480707,102.862536480707,0.423745272311651,78.6211498851011,126.861481937151
"2006","301",NA,105,105,108.69041219204,0.421663123542618,84.7710869334438,132.699835268735
"2006","401",NA,105,105,111.438752699492,0.421654668558539,87.6858823792356,135.715148481444
"2006","701",NA,105,105,112.300796715372,0.41994606481373,88.4280383241478,136.329116196623
"2006","801",NA,105,105,127.250095750212,0.420980538246552,103.142670222251,151.255528210386
"2013","101",NA,105,105,121.862772006698,0.420895763740982,97.9878473701,145.886879503732
"2013","201",NA,105,105,120.640031259413,0.422601983700436,96.5710494248359,144.832626307325
"2020","10",NA,129,111.416897176316,111.416897176316,0.422816650110628,87.6146926274752,135.633479092595
"2020","18",NA,129,127.015012421678,127.015012421678,0.418879724030402,103.379678309133,150.835310715117
"2020","19",NA,129,123.94948990474,123.94948990474,0.420195616895232,100.138145690116,147.784228364394
"2020","20",NA,129,113.808545531647,113.808545531647,0.42421132552254,89.6886862700222,137.950934666529
"2020","29",NA,129,122.97126356686,122.97126356686,0.420471791225709,98.8896766880275,146.828596874007
"2020","30",NA,129,117.655534809887,117.655534809887,0.420311306050701,93.8380580354034,141.697927032658
"2020","40",NA,129,116.654551712063,116.654551712063,0.421379663677375,92.6421615286023,140.467345913107
"2020","48",NA,129,129,132.786994525772,0.421487052932641,108.765333977962,156.712645748578
"2020","49",NA,129,129,136.886987567358,0.41903589310969,113.132795722765,160.631224464703
"2020","50",NA,129,121.727305827931,121.727305827931,0.423923056159494,97.3038665088565,145.44342468254
"2020","59",NA,129,129,130.391246007547,0.418223228813575,106.627436620384,154.286206752419
"2020","69",NA,129,129,129.139314416525,0.422591001527473,105.182423508138,153.011967242566
"2020","70",NA,129,126.776294818087,126.776294818087,0.420252824490609,102.75510022626,150.599610140942
"2020","78",NA,129,129,131.25029169702,0.421924323590407,107.474369205126,155.10851659851
"2020","101",NA,129,109.416369467922,109.416369467922,0.421789873295772,85.380615946566,133.424683642894
"2020","201",NA,129,108.15229151647,108.15229151647,0.422551314418079,83.8860928252393,132.025137731484
"2020","301",NA,129,114.038098254282,114.038098254282,0.419482715006213,90.1736542124937,137.808371615471
"2020","401",NA,129,116.816851544693,116.816851544693,0.421921430079847,92.9083614154204,140.689746974689
"2020","501",NA,129,118.185596627871,118.185596627871,0.420631521622633,94.2362760131633,142.16518248248
"2020","601",NA,129,117.000219696416,117.000219696416,0.420923826468324,93.0874138495279,141.025282810474
"2020","701",NA,129,117.669562233025,117.669562233025,0.421240758409142,93.7451578397163,141.669875571326
"2021","20",NA,133,122.989140732915,122.989140732915,0.422327068741084,98.939928310243,147.020378952709
"2021","101",NA,133,118.483819157571,118.483819157571,0.423958768272455,94.3390632091641,142.498047202054
"2021","201",NA,133,117.247595528937,117.247595528937,0.421191572914492,93.1270843329705,141.314879709017
"2023","10",NA,124,122.731173449396,122.731173449396,0.421074449255579,98.5819874223719,146.546868234396
"2023","29",NA,124,124,134.306569186321,0.418221551110895,110.490660079028,158.036641459331
"2023","101",NA,124,120.584481755767,120.584481755767,0.419348162076273,96.6368922985079,144.447984311426
"2023","201",NA,124,119.443093804395,119.443093804395,0.421848768515878,95.2862083124084,143.176492158177
"2023","301",NA,124,124,125.416531686752,0.416506432652681,101.872995204738,149.062312903631
"2023","601",NA,124,124,128.276673835196,0.420571238355353,104.207446249208,151.914879062616
"2024","40",NA,NA,NA,126.044483342221,0.420562574142582,101.918246145109,149.945645182154
"2024","50",NA,NA,NA,131.168159431536,0.421585873407215,107.298441775637,154.987120230299
"2024","201",NA,NA,NA,117.616503697799,0.421936410039876,93.6529595463291,141.657322618482
"2024","301",NA,NA,NA,123.513983143153,0.422321731597584,99.6817073922875,147.564630137765
"2024","401",NA,NA,NA,126.38503371204,0.419112348871052,102.628532751732,150.123435863662
"2024","501",NA,NA,NA,127.734816859186,0.419713434564271,103.742761942734,151.615211733223
"2024","601",NA,NA,NA,126.365484505537,0.418425242003324,102.490023926581,150.218841613781
"2024","701",NA,NA,NA,127.129830391028,0.421568809490502,103.062305778725,150.917967514126
